"State","County","Year","Days with AQI","Good Days","Moderate Days","Unhealthy for Sensitive Groups Days","Unhealthy Days","Very Unhealthy Days","Hazardous Days","Max AQI","90th Percentile AQI","Median AQI","Days CO","Days NO2","Days Ozone","Days SO2","Days PM2.5","Days PM10"
"Alabama","Baldwin",2019,271,237,34,0,0,0,0,80,52,37,0,0,220,0,51,0
"Alabama","Clay",2019,107,97,10,0,0,0,0,67,50,30,0,0,0,0,107,0
"Alabama","Colbert",2019,263,252,11,0,0,0,0,61,47,37,0,0,228,0,35,0
"Alabama","DeKalb",2019,361,324,37,0,0,0,0,90,51,39,0,0,331,0,30,0
"Alabama","Elmore",2019,228,208,20,0,0,0,0,100,50,39,0,0,228,0,0,0
"Alabama","Etowah",2019,279,232,47,0,0,0,0,90,58,43,0,0,218,0,61,0
"Alabama","Houston",2019,280,256,24,0,0,0,0,77,50,35,0,0,208,0,72,0
"Alabama","Jefferson",2019,365,157,195,13,0,0,0,150,79,53,0,2,122,4,236,1
"Alabama","Lawrence",2019,51,50,1,0,0,0,0,53,35,22,0,0,0,0,51,0
"Alabama","Madison",2019,361,255,106,0,0,0,0,93,58,44,0,0,155,0,199,7
"Alabama","Mobile",2019,364,258,106,0,0,0,0,80,60,42,0,0,105,16,243,0
"Alabama","Montgomery",2019,365,171,193,1,0,0,0,122,67,52,0,0,50,0,314,1
"Alabama","Morgan",2019,365,306,59,0,0,0,0,93,54,41,0,0,195,0,170,0
"Alabama","Russell",2019,363,268,95,0,0,0,0,84,59,40,0,0,116,0,247,0
"Alabama","Shelby",2019,359,308,44,7,0,0,0,119,58,34,0,0,232,127,0,0
"Alabama","Sumter",2019,361,335,26,0,0,0,0,64,48,32,0,0,183,10,168,0
"Alabama","Tuscaloosa",2019,264,240,24,0,0,0,0,87,50,35,0,0,188,0,76,0
"Alaska","Aleutians East ",2019,60,60,0,0,0,0,0,47,22,11,0,0,0,0,60,0
"Alaska","Anchorage ",2019,365,289,67,5,4,0,0,160,63,27,8,0,0,0,252,105
"Alaska","Bethel ",2019,317,304,11,1,1,0,0,176,31,10,0,0,0,0,186,131
"Alaska","Denali ",2019,359,357,2,0,0,0,0,72,44,35,0,0,356,0,3,0
"Alaska","Fairbanks North Star ",2019,365,230,96,18,16,1,4,377,103,38,0,13,130,1,215,6
"Alaska","Juneau ",2019,362,308,51,3,0,0,0,145,55,20,0,0,0,0,335,27
"Alaska","Kenai Peninsula ",2019,60,59,1,0,0,0,0,55,17,7,0,0,0,0,60,0
"Alaska","Matanuska-Susitna ",2019,360,296,62,2,0,0,0,116,62,19,0,0,0,0,289,71
"Alaska","North Slope ",2019,51,51,0,0,0,0,0,43,11,5,0,0,0,0,51,0
"Arizona","Apache",2019,359,358,1,0,0,0,0,59,20,10,0,0,0,0,27,332
"Arizona","Cochise",2019,365,266,99,0,0,0,0,97,64,45,0,0,327,0,13,25
"Arizona","Coconino",2019,365,293,72,0,0,0,0,80,58,45,0,0,362,0,3,0
"Arizona","Gila",2019,365,145,164,50,6,0,0,187,110,60,0,0,254,104,0,7
"Arizona","La Paz",2019,364,304,60,0,0,0,0,77,58,44,0,0,360,0,3,1
"Arizona","Maricopa",2019,365,66,261,38,0,0,0,147,101,65,0,3,215,0,71,76
"Arizona","Mohave",2019,364,357,7,0,0,0,0,69,27,13,0,0,0,0,11,353
"Arizona","Navajo",2019,365,294,70,1,0,0,0,112,58,44,0,0,357,0,0,8
"Arizona","Pima",2019,365,225,138,2,0,0,0,103,71,47,0,1,261,0,20,83
"Arizona","Pinal",2019,365,123,209,21,2,3,7,886,100,63,0,0,168,0,36,161
"Arizona","Santa Cruz",2019,362,280,80,2,0,0,0,120,63,31,0,0,0,0,242,120
"Arizona","Yavapai",2019,356,298,58,0,0,0,0,87,54,43,0,0,356,0,0,0
"Arizona","Yuma",2019,365,265,97,3,0,0,0,129,67,45,0,0,273,0,42,50
"Arkansas","Arkansas",2019,118,101,17,0,0,0,0,77,53,30,0,0,0,0,118,0
"Arkansas","Ashley",2019,120,103,17,0,0,0,0,67,53,33,0,0,0,0,120,0
"Arkansas","Benton",2019,146,120,26,0,0,0,0,83,56,35,0,0,0,0,146,0
"Arkansas","Clark",2019,355,347,8,0,0,0,0,67,46,32,0,0,355,0,0,0
"Arkansas","Craighead",2019,49,43,6,0,0,0,0,61,53,30,0,0,0,0,49,0
"Arkansas","Crittenden",2019,365,290,74,1,0,0,0,101,57,40,0,8,205,0,152,0
"Arkansas","Garland",2019,121,93,28,0,0,0,0,75,54,38,0,0,0,0,121,0
"Arkansas","Jackson",2019,117,102,15,0,0,0,0,74,54,34,0,0,0,0,117,0
"Arkansas","Newton",2019,365,347,18,0,0,0,0,90,47,36,0,0,361,0,4,0
"Arkansas","Polk",2019,361,312,48,1,0,0,0,119,54,39,0,0,315,0,46,0
"Arkansas","Pulaski",2019,365,235,130,0,0,0,0,79,61,45,0,2,146,0,217,0
"Arkansas","Union",2019,241,196,45,0,0,0,0,98,54,35,0,0,0,0,241,0
"Arkansas","Washington",2019,365,284,81,0,0,0,0,96,58,43,0,0,207,0,158,0
"California","Alameda",2019,365,260,97,8,0,0,0,150,63,41,0,28,175,0,162,0
"California","Amador",2019,355,308,45,2,0,0,0,115,51,39,0,0,355,0,0,0
"California","Butte",2019,365,224,136,3,2,0,0,173,67,46,0,0,231,0,133,1
"California","Calaveras",2019,360,299,60,1,0,0,0,108,58,42,0,0,322,0,35,3
"California","Colusa",2019,365,294,71,0,0,0,0,83,59,39,0,0,228,0,83,54
"California","Contra Costa",2019,365,289,69,5,2,0,0,200,62,40,0,4,242,3,115,1
"California","Del Norte",2019,248,236,12,0,0,0,0,71,43,20,0,0,0,0,248,0
"California","El Dorado",2019,365,274,85,6,0,0,0,122,74,43,0,0,356,0,0,9
"California","Fresno",2019,365,139,160,64,2,0,0,187,115,60,0,3,259,0,80,23
"California","Glenn",2019,362,302,60,0,0,0,0,86,55,40,0,0,277,0,68,17
"California","Humboldt",2019,363,353,10,0,0,0,0,65,40,27,2,1,272,0,50,38
"California","Imperial",2019,365,125,219,19,2,0,0,185,93,58,0,1,210,0,79,75
"California","Inyo",2019,365,232,121,6,2,1,3,638,84,47,0,0,319,0,13,33
"California","Kern",2019,365,119,151,87,6,1,1,548,122,67,0,2,260,0,73,30
"California","Kings",2019,365,152,172,37,2,0,2,507,105,56,0,0,190,0,103,72
"California","Lake",2019,360,360,0,0,0,0,0,50,41,31,0,0,356,0,3,1
"California","Los Angeles",2019,365,66,213,57,28,1,0,201,136,71,0,36,197,0,124,8
"California","Madera",2019,365,189,163,13,0,0,0,140,84,50,0,0,260,0,66,39
"California","Marin",2019,363,337,25,1,0,0,0,133,48,33,0,15,222,0,126,0
"California","Mariposa",2019,365,221,130,9,5,0,0,176,84,47,0,0,296,0,68,1
"California","Mendocino",2019,361,334,27,0,0,0,0,77,47,33,0,0,229,0,120,12
"California","Merced",2019,365,213,145,7,0,0,0,119,79,48,0,0,250,0,113,2
"California","Mono",2019,365,270,80,6,0,0,9,3852,81,27,0,0,0,0,305,60
"California","Monterey",2019,365,330,34,1,0,0,0,144,50,37,2,0,288,0,61,14
"California","Napa",2019,363,330,31,2,0,0,0,119,49,35,2,0,265,0,96,0
"California","Nevada",2019,361,273,83,5,0,0,0,122,71,44,0,0,326,0,35,0
"California","Orange",2019,365,216,133,15,1,0,0,172,87,48,0,13,262,0,83,7
"California","Placer",2019,365,220,135,10,0,0,0,136,77,48,0,2,307,0,54,2
"California","Plumas",2019,341,248,88,5,0,0,0,138,68,25,0,0,0,0,341,0
"California","Riverside",2019,365,75,170,91,29,0,0,185,147,77,0,0,247,0,70,48
"California","Sacramento",2019,365,213,142,10,0,0,0,140,84,46,0,1,240,0,116,8
"California","San Benito",2019,365,326,39,0,0,0,0,90,51,38,0,0,347,0,11,7
"California","San Bernardino",2019,365,55,177,71,54,8,0,213,169,80,0,16,246,0,96,7
"California","San Diego",2019,365,87,253,23,2,0,0,169,93,64,0,2,176,0,184,3
"California","San Francisco",2019,365,313,51,1,0,0,0,108,52,36,0,28,172,0,165,0
"California","San Joaquin",2019,365,229,123,12,1,0,0,190,81,45,0,3,233,0,113,16
"California","San Luis Obispo",2019,365,230,132,3,0,0,0,108,74,46,0,0,282,0,45,38
"California","San Mateo",2019,365,327,36,2,0,0,0,122,51,35,0,21,209,0,135,0
"California","Santa Barbara",2019,365,286,78,1,0,0,0,105,59,43,0,0,295,0,57,13
"California","Santa Clara",2019,365,271,90,4,0,0,0,136,66,41,0,7,218,0,139,1
"California","Santa Cruz",2019,365,347,18,0,0,0,0,70,46,35,0,0,262,0,103,0
"California","Shasta",2019,364,311,53,0,0,0,0,100,54,42,0,0,352,0,10,2
"California","Siskiyou",2019,365,332,29,2,2,0,0,161,49,36,0,0,262,0,103,0
"California","Solano",2019,365,290,74,1,0,0,0,119,59,40,0,2,224,0,139,0
"California","Sonoma",2019,365,346,18,0,1,0,0,154,45,34,0,3,265,0,90,7
"California","Stanislaus",2019,365,201,141,22,1,0,0,177,91,49,0,0,245,0,107,13
"California","Sutter",2019,365,239,124,2,0,0,0,110,71,44,0,0,249,0,109,7
"California","Tehama",2019,365,282,83,0,0,0,0,93,64,41,0,0,323,0,41,1
"California","Trinity",2019,266,243,21,2,0,0,0,113,49,18,0,0,0,0,266,0
"California","Tulare",2019,365,127,157,78,2,1,0,280,122,66,0,2,242,0,98,23
"California","Tuolumne",2019,358,273,83,2,0,0,0,108,67,43,0,0,358,0,0,0
"California","Ventura",2019,365,214,142,9,0,0,0,126,77,46,0,5,284,0,65,11
"California","Yolo",2019,365,285,79,1,0,0,0,136,61,41,0,1,279,0,82,3
"Colorado","Adams",2019,365,223,141,1,0,0,0,132,64,47,0,48,150,0,87,80
"Colorado","Alamosa",2019,48,48,0,0,0,0,0,18,15,9,0,0,0,0,48,0
"Colorado","Arapahoe",2019,365,227,132,6,0,0,0,140,80,46,0,0,352,0,13,0
"Colorado","Archuleta",2019,363,331,30,2,0,0,0,124,50,31,0,3,186,0,0,174
"Colorado","Boulder",2019,365,227,133,5,0,0,0,119,74,47,0,0,269,0,96,0
"Colorado","Clear Creek",2019,290,205,84,1,0,0,0,112,67,46,0,0,290,0,0,0
"Colorado","Delta",2019,365,339,26,0,0,0,0,80,50,41,0,0,346,0,19,0
"Colorado","Denver",2019,365,179,183,2,1,0,0,153,74,51,0,116,151,1,97,0
"Colorado","Douglas",2019,361,236,114,10,1,0,0,154,77,46,0,0,304,0,57,0
"Colorado","El Paso",2019,365,259,106,0,0,0,0,100,67,45,0,0,345,0,18,2
"Colorado","Fremont",2019,32,32,0,0,0,0,0,29,23,13,0,0,0,0,0,32
"Colorado","Garfield",2019,365,309,56,0,0,0,0,97,54,44,0,0,363,0,2,0
"Colorado","Gilpin",2019,143,117,25,1,0,0,0,115,58,45,0,0,143,0,0,0
"Colorado","Gunnison",2019,358,279,78,1,0,0,0,101,61,45,0,0,358,0,0,0
"Colorado","Jackson",2019,46,46,0,0,0,0,0,14,11,6,0,0,0,0,46,0
"Colorado","Jefferson",2019,365,238,111,16,0,0,0,129,87,46,0,2,363,0,0,0
"Colorado","La Plata",2019,365,276,89,0,0,0,0,87,61,44,0,10,326,0,29,0
"Colorado","Larimer",2019,365,208,151,6,0,0,0,129,77,48,0,0,337,0,28,0
"Colorado","Mesa",2019,364,289,75,0,0,0,0,87,58,44,2,0,309,0,51,2
"Colorado","Montezuma",2019,365,280,85,0,0,0,0,97,61,46,0,0,365,0,0,0
"Colorado","Pitkin",2019,117,117,0,0,0,0,0,46,19,10,0,0,0,0,7,110
"Colorado","Prowers",2019,346,343,3,0,0,0,0,76,28,14,0,0,0,0,0,346
"Colorado","Pueblo",2019,126,125,1,0,0,0,0,68,31,20,0,0,0,0,75,51
"Colorado","Rio Blanco",2019,365,311,54,0,0,0,0,100,54,44,0,0,321,0,44,0
"Colorado","Routt",2019,356,353,2,1,0,0,0,137,27,13,0,0,0,0,0,356
"Colorado","San Juan",2019,55,55,0,0,0,0,0,24,12,5,0,0,0,0,55,0
"Colorado","San Miguel",2019,113,112,1,0,0,0,0,54,22,11,0,0,0,0,0,113
"Colorado","Weld",2019,365,252,110,3,0,0,0,125,69,45,0,0,236,0,129,0
"Connecticut","Fairfield",2019,365,262,82,18,3,0,0,161,77,43,0,9,186,0,169,1
"Connecticut","Hartford",2019,365,301,59,5,0,0,0,122,55,39,0,26,240,0,98,1
"Connecticut","Litchfield",2019,365,342,23,0,0,0,0,97,48,37,0,0,339,0,26,0
"Connecticut","Middlesex",2019,205,175,23,6,1,0,0,154,61,41,0,0,205,0,0,0
"Connecticut","New Haven",2019,365,280,71,12,2,0,0,159,67,41,0,15,247,0,99,4
"Connecticut","New London",2019,364,323,34,7,0,0,0,129,52,37,0,0,200,0,164,0
"Connecticut","Tolland",2019,212,187,20,5,0,0,0,126,54,42,0,0,212,0,0,0
"Connecticut","Windham",2019,360,344,15,1,0,0,0,105,46,36,0,0,360,0,0,0
"Country Of Mexico","BAJA CALIFORNIA NORTE",2019,32,5,19,8,0,0,0,144,117,72,0,0,0,0,0,32
"Country Of Mexico","SONORA",2019,358,288,65,5,0,0,0,126,61,43,0,0,358,0,0,0
"Delaware","Kent",2019,365,293,72,0,0,0,0,83,58,42,0,0,273,0,92,0
"Delaware","New Castle",2019,365,259,103,3,0,0,0,136,68,43,0,7,253,0,105,0
"Delaware","Sussex",2019,365,299,66,0,0,0,0,93,58,42,0,0,279,0,86,0
"District Of Columbia","District of Columbia",2019,365,242,118,4,1,0,0,157,71,44,0,32,221,0,112,0
"Florida","Alachua",2019,364,329,35,0,0,0,0,80,50,35,0,0,273,0,91,0
"Florida","Baker",2019,361,341,20,0,0,0,0,77,48,33,0,0,361,0,0,0
"Florida","Bay",2019,357,308,49,0,0,0,0,85,54,38,0,0,235,0,122,0
"Florida","Brevard",2019,351,336,15,0,0,0,0,90,46,36,0,0,306,0,45,0
"Florida","Broward",2019,363,303,60,0,0,0,0,90,54,40,2,9,165,0,187,0
"Florida","Citrus",2019,365,337,28,0,0,0,0,80,48,30,0,0,0,12,353,0
"Florida","Collier",2019,362,331,31,0,0,0,0,90,50,34,0,0,197,0,165,0
"Florida","Columbia",2019,363,294,69,0,0,0,0,90,58,38,0,0,207,0,156,0
"Florida","Duval",2019,361,248,112,1,0,0,0,114,64,43,0,0,174,0,187,0
"Florida","Escambia",2019,365,290,74,1,0,0,0,101,57,40,0,0,271,0,94,0
"Florida","Flagler",2019,270,265,5,0,0,0,0,74,45,34,0,0,270,0,0,0
"Florida","Hamilton",2019,349,313,36,0,0,0,0,79,51,31,0,0,0,33,316,0
"Florida","Highlands",2019,233,224,9,0,0,0,0,84,46,36,0,0,233,0,0,0
"Florida","Hillsborough",2019,365,281,78,6,0,0,0,132,64,42,0,0,211,4,150,0
"Florida","Holmes",2019,362,289,73,0,0,0,0,84,56,40,0,0,203,0,159,0
"Florida","Indian River",2019,335,324,11,0,0,0,0,90,47,36,0,0,335,0,0,0
"Florida","Lake",2019,330,301,28,1,0,0,0,101,50,35,0,0,330,0,0,0
"Florida","Lee",2019,365,328,36,1,0,0,0,108,51,36,0,0,251,0,110,4
"Florida","Leon",2019,360,275,84,1,0,0,0,119,58,38,0,0,168,0,192,0
"Florida","Liberty",2019,351,339,12,0,0,0,0,74,45,33,0,0,351,0,0,0
"Florida","Manatee",2019,365,333,30,2,0,0,0,108,49,36,0,0,365,0,0,0
"Florida","Marion",2019,365,311,54,0,0,0,0,87,54,38,0,0,236,0,129,0
"Florida","Martin",2019,352,323,29,0,0,0,0,84,49,35,0,0,235,0,117,0
"Florida","Miami-Dade",2019,361,315,44,2,0,0,0,146,52,38,1,23,150,0,186,1
"Florida","Nassau",2019,351,326,25,0,0,0,0,71,46,28,0,0,0,97,254,0
"Florida","Okaloosa",2019,363,335,28,0,0,0,0,84,48,36,0,0,342,0,0,21
"Florida","Orange",2019,360,321,39,0,0,0,0,93,51,36,1,1,300,0,58,0
"Florida","Osceola",2019,364,338,22,4,0,0,0,122,48,34,0,0,364,0,0,0
"Florida","Palm Beach",2019,357,321,36,0,0,0,0,93,51,35,0,0,218,0,137,2
"Florida","Pasco",2019,365,336,29,0,0,0,0,97,49,36,0,0,365,0,0,0
"Florida","Pinellas",2019,365,296,69,0,0,0,0,100,59,40,0,0,213,0,148,4
"Florida","Polk",2019,365,314,51,0,0,0,0,100,54,36,0,0,248,2,115,0
"Florida","Putnam",2019,352,347,5,0,0,0,0,54,29,17,0,0,0,6,0,346
"Florida","Santa Rosa",2019,364,307,57,0,0,0,0,93,57,39,0,0,241,0,123,0
"Florida","Sarasota",2019,365,323,42,0,0,0,0,100,52,37,0,0,246,0,119,0
"Florida","Seminole",2019,365,322,42,1,0,0,0,110,52,37,0,0,297,0,67,1
"Florida","St. Lucie",2019,352,342,10,0,0,0,0,77,46,34,0,0,352,0,0,0
"Florida","Volusia",2019,350,316,34,0,0,0,0,80,50,37,0,0,241,0,109,0
"Florida","Wakulla",2019,363,316,47,0,0,0,0,84,54,35,0,0,257,3,103,0
"Georgia","Bibb",2019,365,278,84,3,0,0,0,137,61,38,0,0,158,3,204,0
"Georgia","Charlton",2019,43,42,1,0,0,0,0,52,36,21,0,0,0,0,43,0
"Georgia","Chatham",2019,365,295,70,0,0,0,0,87,56,39,0,0,146,58,161,0
"Georgia","Chattooga",2019,244,231,13,0,0,0,0,71,48,40,0,0,244,0,0,0
"Georgia","Clarke",2019,365,245,120,0,0,0,0,87,61,44,0,0,136,0,229,0
"Georgia","Clayton",2019,119,98,21,0,0,0,0,70,54,36,0,0,0,0,119,0
"Georgia","Cobb",2019,282,224,57,1,0,0,0,119,60,42,0,0,210,0,72,0
"Georgia","Coffee",2019,121,107,14,0,0,0,0,66,52,26,0,0,0,0,121,0
"Georgia","Columbia",2019,245,229,16,0,0,0,0,74,49,39,0,0,245,0,0,0
"Georgia","Dawson",2019,244,225,18,1,0,0,0,126,48,37,0,0,244,0,0,0
"Georgia","DeKalb",2019,365,251,110,3,1,0,0,159,64,44,0,34,156,0,175,0
"Georgia","Dougherty",2019,356,236,118,2,0,0,0,107,63,40,0,0,0,0,356,0
"Georgia","Douglas",2019,245,212,28,5,0,0,0,126,58,40,0,0,245,0,0,0
"Georgia","Floyd",2019,365,217,148,0,0,0,0,89,62,44,0,0,0,5,360,0
"Georgia","Fulton",2019,365,194,164,6,1,0,0,172,74,48,0,21,130,0,214,0
"Georgia","Glynn",2019,279,254,25,0,0,0,0,80,50,36,0,0,224,0,55,0
"Georgia","Gwinnett",2019,355,221,132,2,0,0,0,112,69,45,0,0,152,0,203,0
"Georgia","Hall",2019,340,259,81,0,0,0,0,88,57,37,0,0,0,0,340,0
"Georgia","Henry",2019,363,283,73,7,0,0,0,150,59,37,0,0,166,0,197,0
"Georgia","Houston",2019,354,246,106,1,1,0,0,152,61,38,0,0,0,0,354,0
"Georgia","Lowndes",2019,309,255,54,0,0,0,0,68,55,35,0,0,0,0,309,0
"Georgia","Murray",2019,250,211,39,0,0,0,0,93,54,43,0,0,240,0,10,0
"Georgia","Muscogee",2019,364,274,90,0,0,0,0,90,58,40,0,0,149,0,215,0
"Georgia","Pike",2019,353,307,43,3,0,0,0,147,58,37,0,0,353,0,0,0
"Georgia","Richmond",2019,364,231,131,2,0,0,0,101,64,45,0,0,127,16,203,18
"Georgia","Rockdale",2019,241,186,50,5,0,0,0,129,67,43,0,0,241,0,0,0
"Georgia","Sumter",2019,238,211,27,0,0,0,0,97,54,39,0,0,238,0,0,0
"Georgia","Walker",2019,356,269,87,0,0,0,0,82,57,37,0,0,0,0,356,0
"Georgia","Washington",2019,211,176,34,1,0,0,0,116,54,29,0,0,0,0,211,0
"Hawaii","Hawaii",2019,365,357,8,0,0,0,0,79,29,16,0,0,0,52,313,0
"Hawaii","Honolulu",2019,365,339,26,0,0,0,0,94,46,29,1,3,262,65,33,1
"Hawaii","Kauai",2019,365,363,2,0,0,0,0,71,27,13,0,144,0,3,218,0
"Hawaii","Maui",2019,362,347,11,3,1,0,0,166,30,15,0,0,0,0,362,0
"Idaho","Ada",2019,365,317,48,0,0,0,0,100,53,38,0,8,240,0,112,5
"Idaho","Bannock",2019,365,344,21,0,0,0,0,96,46,27,0,0,0,155,137,73
"Idaho","Benewah",2019,364,242,111,9,2,0,0,154,74,37,0,0,0,0,364,0
"Idaho","Blaine",2019,314,313,1,0,0,0,0,51,25,15,0,0,0,0,314,0
"Idaho","Boise",2019,365,290,72,2,1,0,0,165,60,33,0,0,0,0,365,0
"Idaho","Bonner",2019,365,316,48,1,0,0,0,115,55,21,0,0,0,0,272,93
"Idaho","Bonneville",2019,357,342,15,0,0,0,0,63,43,29,0,0,0,0,357,0
"Idaho","Butte",2019,360,347,13,0,0,0,0,71,48,40,0,0,360,0,0,0
"Idaho","Canyon",2019,365,311,54,0,0,0,0,95,54,25,0,0,0,0,274,91
"Idaho","Caribou",2019,330,326,2,2,0,0,0,108,24,6,0,0,0,330,0,0
"Idaho","Custer",2019,39,39,0,0,0,0,0,17,11,3,0,0,0,0,39,0
"Idaho","Franklin",2019,364,333,28,3,0,0,0,112,44,18,0,0,0,0,364,0
"Idaho","Idaho",2019,365,297,68,0,0,0,0,88,55,40,0,0,214,0,151,0
"Idaho","Jerome",2019,353,353,0,0,0,0,0,48,28,15,0,0,0,0,353,0
"Idaho","Kootenai",2019,355,318,37,0,0,0,0,86,51,23,0,0,0,0,355,0
"Idaho","Latah",2019,350,350,0,0,0,0,0,48,26,10,0,0,0,0,350,0
"Idaho","Lemhi",2019,360,269,87,4,0,0,0,133,69,23,0,0,0,0,360,0
"Idaho","Nez Perce",2019,360,309,51,0,0,0,0,89,56,24,0,0,0,0,360,0
"Idaho","Shoshone",2019,365,260,102,3,0,0,0,117,72,29,0,0,0,0,353,12
"Idaho","Twin Falls",2019,365,361,4,0,0,0,0,71,33,19,0,0,0,0,365,0
"Idaho","Valley",2019,357,290,67,0,0,0,0,91,61,22,0,0,0,0,357,0
"Illinois","Adams",2019,241,208,33,0,0,0,0,93,54,41,0,0,241,0,0,0
"Illinois","Champaign",2019,365,281,84,0,0,0,0,100,61,42,0,0,235,0,130,0
"Illinois","Clark",2019,327,314,13,0,0,0,0,74,47,34,0,0,327,0,0,0
"Illinois","Cook",2019,365,150,206,9,0,0,0,133,76,53,0,26,91,0,238,10
"Illinois","DuPage",2019,352,257,92,2,1,0,0,174,61,42,0,0,172,0,180,0
"Illinois","Effingham",2019,245,224,21,0,0,0,0,84,50,40,0,0,245,0,0,0
"Illinois","Hamilton",2019,344,269,74,1,0,0,0,105,58,43,0,0,198,0,146,0
"Illinois","Jersey",2019,347,284,61,2,0,0,0,119,58,42,0,0,207,0,140,0
"Illinois","Jo Daviess",2019,363,351,12,0,0,0,0,74,47,34,0,0,363,0,0,0
"Illinois","Kane",2019,284,229,51,4,0,0,0,112,63,40,0,0,226,0,58,0
"Illinois","La Salle",2019,335,334,1,0,0,0,0,60,4,0,0,0,0,335,0,0
"Illinois","Lake",2019,245,210,33,2,0,0,0,115,58,40,0,0,245,0,0,0
"Illinois","Macon",2019,365,255,110,0,0,0,0,93,61,44,0,0,148,30,187,0
"Illinois","Macoupin",2019,365,348,17,0,0,0,0,87,47,33,0,101,245,19,0,0
"Illinois","Madison",2019,365,192,170,1,2,0,0,156,71,49,0,0,186,2,174,3
"Illinois","McHenry",2019,340,230,108,2,0,0,0,126,61,44,0,0,142,0,198,0
"Illinois","McLean",2019,364,256,108,0,0,0,0,100,61,44,0,0,174,0,190,0
"Illinois","Monroe",2019,286,286,0,0,0,0,0,33,6,1,0,0,0,286,0,0
"Illinois","Peoria",2019,364,284,78,2,0,0,0,101,58,41,0,0,203,0,161,0
"Illinois","Randolph",2019,324,264,60,0,0,0,0,97,54,40,0,0,209,0,115,0
"Illinois","Rock Island",2019,361,281,78,2,0,0,0,115,59,42,0,0,186,0,175,0
"Illinois","Saint Clair",2019,365,272,92,1,0,0,0,108,60,43,1,62,169,0,133,0
"Illinois","Sangamon",2019,360,287,73,0,0,0,0,87,58,40,0,0,183,0,177,0
"Illinois","Tazewell",2019,346,346,0,0,0,0,0,36,9,1,0,0,0,346,0,0
"Illinois","Wabash",2019,364,361,3,0,0,0,0,82,10,1,0,0,0,364,0,0
"Illinois","Will",2019,365,260,105,0,0,0,0,84,62,43,0,0,140,0,225,0
"Illinois","Winnebago",2019,341,240,100,1,0,0,0,102,61,42,0,0,147,0,194,0
"Indiana","Allen",2019,365,262,102,1,0,0,0,101,61,43,0,0,218,0,147,0
"Indiana","Bartholomew",2019,364,298,66,0,0,0,0,77,54,41,0,0,268,0,96,0
"Indiana","Boone",2019,351,320,31,0,0,0,0,90,50,35,0,0,351,0,0,0
"Indiana","Brown",2019,365,349,16,0,0,0,0,74,47,35,0,0,365,0,0,0
"Indiana","Carroll",2019,358,333,25,0,0,0,0,84,49,35,0,0,358,0,0,0
"Indiana","Clark",2019,365,287,77,1,0,0,0,101,59,41,0,0,246,0,119,0
"Indiana","Daviess",2019,350,350,0,0,0,0,0,19,7,1,0,0,0,350,0,0
"Indiana","Delaware",2019,352,319,33,0,0,0,0,71,49,35,0,0,303,0,49,0
"Indiana","Dubois",2019,120,102,18,0,0,0,0,70,54,33,0,0,0,0,119,1
"Indiana","Elkhart",2019,365,294,71,0,0,0,0,81,55,37,0,0,231,0,134,0
"Indiana","Floyd",2019,363,338,25,0,0,0,0,87,48,35,0,0,360,3,0,0
"Indiana","Gibson",2019,359,355,4,0,0,0,0,84,17,3,0,0,0,359,0,0
"Indiana","Greene",2019,355,318,37,0,0,0,0,87,51,39,0,0,315,0,40,0
"Indiana","Hamilton",2019,365,268,95,2,0,0,0,119,61,41,0,0,217,0,148,0
"Indiana","Hendricks",2019,361,348,13,0,0,0,0,93,47,34,0,0,361,0,0,0
"Indiana","Henry",2019,119,106,13,0,0,0,0,63,52,28,0,0,0,0,119,0
"Indiana","Howard",2019,361,289,71,1,0,0,0,108,58,40,0,0,238,0,123,0
"Indiana","Huntington",2019,355,345,10,0,0,0,0,84,44,31,0,0,355,0,0,0
"Indiana","Jackson",2019,360,340,20,0,0,0,0,80,47,35,0,0,360,0,0,0
"Indiana","Knox",2019,359,328,31,0,0,0,0,87,50,36,0,0,359,0,0,0
"Indiana","LaPorte",2019,364,305,55,4,0,0,0,126,61,37,0,0,331,0,33,0
"Indiana","Lake",2019,365,225,139,1,0,0,0,101,70,45,0,3,149,5,204,4
"Indiana","Madison",2019,365,286,78,1,0,0,0,101,58,41,0,0,226,0,139,0
"Indiana","Marion",2019,365,153,208,4,0,0,0,112,72,53,0,0,110,0,255,0
"Indiana","Monroe",2019,346,296,50,0,0,0,0,69,53,33,0,0,0,0,346,0
"Indiana","Morgan",2019,364,341,23,0,0,0,0,87,48,35,0,0,358,6,0,0
"Indiana","Perry",2019,358,322,36,0,0,0,0,80,51,37,0,0,358,0,0,0
"Indiana","Pike",2019,227,227,0,0,0,0,0,46,6,1,0,0,0,227,0,0
"Indiana","Porter",2019,365,264,93,8,0,0,0,122,64,41,0,0,204,27,118,16
"Indiana","Posey",2019,364,341,23,0,0,0,0,80,49,35,0,0,364,0,0,0
"Indiana","Shelby",2019,365,338,27,0,0,0,0,84,49,36,0,0,365,0,0,0
"Indiana","Spencer",2019,117,101,16,0,0,0,0,73,53,31,0,0,0,0,117,0
"Indiana","St. Joseph",2019,365,276,89,0,0,0,0,100,62,41,0,1,227,0,137,0
"Indiana","Sullivan",2019,116,99,17,0,0,0,0,78,52,31,0,0,0,0,116,0
"Indiana","Tippecanoe",2019,351,284,67,0,0,0,0,75,55,33,0,0,0,0,351,0
"Indiana","Vanderburgh",2019,365,296,69,0,0,0,0,90,55,41,0,1,220,0,144,0
"Indiana","Vigo",2019,365,238,126,1,0,0,0,102,64,45,0,0,184,0,181,0
"Indiana","Wabash",2019,351,319,32,0,0,0,0,97,50,37,0,0,351,0,0,0
"Indiana","Warrick",2019,365,337,28,0,0,0,0,93,50,36,0,0,365,0,0,0
"Indiana","Whitley",2019,352,285,67,0,0,0,0,90,55,33,0,0,0,0,352,0
"Iowa","Black Hawk",2019,363,296,67,0,0,0,0,83,58,31,0,0,0,0,363,0
"Iowa","Bremer",2019,243,228,15,0,0,0,0,90,46,37,0,0,243,0,0,0
"Iowa","Cerro Gordo",2019,118,118,0,0,0,0,0,38,27,15,0,0,0,0,0,118
"Iowa","Clinton",2019,364,268,96,0,0,0,0,89,61,42,0,0,155,0,209,0
"Iowa","Harrison",2019,241,222,19,0,0,0,0,97,50,38,0,0,241,0,0,0
"Iowa","Johnson",2019,364,278,86,0,0,0,0,91,60,35,0,0,0,0,364,0
"Iowa","Lee",2019,120,101,19,0,0,0,0,70,58,29,0,0,0,0,120,0
"Iowa","Linn",2019,365,287,78,0,0,0,0,84,60,39,0,0,175,4,186,0
"Iowa","Montgomery",2019,364,313,51,0,0,0,0,77,53,37,0,0,204,0,160,0
"Iowa","Muscatine",2019,365,300,65,0,0,0,0,92,57,32,0,0,0,10,354,1
"Iowa","Palo Alto",2019,364,305,59,0,0,0,0,93,55,38,0,0,187,0,177,0
"Iowa","Polk",2019,365,306,59,0,0,0,0,100,55,39,0,3,246,0,116,0
"Iowa","Pottawattamie",2019,130,111,19,0,0,0,0,70,53,29,0,0,0,0,112,18
"Iowa","Scott",2019,365,222,141,2,0,0,0,112,67,45,0,0,125,0,154,86
"Iowa","Van Buren",2019,361,310,51,0,0,0,0,97,54,37,0,1,192,0,167,1
"Iowa","Woodbury",2019,118,105,13,0,0,0,0,81,52,28,0,0,0,0,118,0
"Kansas","Chase",2019,60,55,4,1,0,0,0,113,50,22,0,0,0,0,60,0
"Kansas","Ford",2019,304,301,3,0,0,0,0,54,31,15,0,0,0,0,0,304
"Kansas","Johnson",2019,362,336,26,0,0,0,0,77,47,36,0,0,282,0,80,0
"Kansas","Leavenworth",2019,362,347,15,0,0,0,0,97,45,33,0,0,362,0,0,0
"Kansas","Neosho",2019,365,282,82,1,0,0,0,119,57,40,0,0,184,0,178,3
"Kansas","Sedgwick",2019,365,313,52,0,0,0,0,97,54,39,0,9,297,0,55,4
"Kansas","Shawnee",2019,365,294,70,0,1,0,0,158,58,41,0,0,191,0,174,0
"Kansas","Sherman",2019,358,354,4,0,0,0,0,58,31,12,0,0,0,0,0,358
"Kansas","Sumner",2019,365,317,48,0,0,0,0,97,54,39,0,4,274,0,77,10
"Kansas","Trego",2019,364,342,21,0,1,0,0,152,48,36,0,0,299,0,63,2
"Kansas","Wyandotte",2019,365,291,73,1,0,0,0,137,58,41,0,25,198,0,141,1
"Kentucky","Bell",2019,263,243,20,0,0,0,0,77,49,39,0,0,234,0,29,0
"Kentucky","Boone",2019,239,222,17,0,0,0,0,80,49,39,0,0,239,0,0,0
"Kentucky","Boyd",2019,365,313,52,0,0,0,0,74,53,39,0,11,192,0,160,2
"Kentucky","Bullitt",2019,243,214,29,0,0,0,0,93,51,41,0,0,243,0,0,0
"Kentucky","Campbell",2019,363,299,63,1,0,0,0,108,56,40,0,21,189,1,152,0
"Kentucky","Carter",2019,285,278,7,0,0,0,0,67,46,36,0,0,231,0,53,1
"Kentucky","Christian",2019,278,251,27,0,0,0,0,77,50,39,0,0,215,0,63,0
"Kentucky","Daviess",2019,364,282,81,1,0,0,0,101,60,43,0,1,192,4,167,0
"Kentucky","Edmonson",2019,365,290,75,0,0,0,0,77,56,41,0,0,231,0,134,0
"Kentucky","Fayette",2019,364,307,57,0,0,0,0,80,54,42,0,12,182,0,170,0
"Kentucky","Greenup",2019,362,357,5,0,0,0,0,58,44,31,0,0,242,120,0,0
"Kentucky","Hancock",2019,245,208,37,0,0,0,0,84,54,42,0,0,245,0,0,0
"Kentucky","Hardin",2019,363,318,45,0,0,0,0,71,53,39,0,0,182,0,181,0
"Kentucky","Henderson",2019,363,310,43,10,0,0,0,120,55,3,0,0,0,317,46,0
"Kentucky","Jefferson",2019,365,200,163,2,0,0,0,136,70,49,0,10,164,0,191,0
"Kentucky","Jessamine",2019,364,340,24,0,0,0,0,67,49,35,0,0,245,119,0,0
"Kentucky","Livingston",2019,261,237,24,0,0,0,0,77,50,41,0,0,242,0,0,19
"Kentucky","McCracken",2019,361,260,101,0,0,0,0,97,59,44,0,2,161,0,197,1
"Kentucky","Morgan",2019,356,341,15,0,0,0,0,80,47,36,0,0,356,0,0,0
"Kentucky","Oldham",2019,242,203,38,1,0,0,0,105,58,42,0,0,242,0,0,0
"Kentucky","Perry",2019,353,306,47,0,0,0,0,87,53,39,0,0,181,0,172,0
"Kentucky","Pike",2019,361,341,20,0,0,0,0,67,48,36,0,0,184,0,177,0
"Kentucky","Pulaski",2019,282,267,15,0,0,0,0,63,49,40,0,0,223,0,59,0
"Kentucky","Simpson",2019,244,222,22,0,0,0,0,67,50,40,0,0,244,0,0,0
"Kentucky","Trigg",2019,353,328,25,0,0,0,0,87,49,37,0,0,353,0,0,0
"Kentucky","Warren",2019,348,295,53,0,0,0,0,73,54,40,0,0,170,0,178,0
"Kentucky","Washington",2019,364,331,33,0,0,0,0,80,50,39,0,0,364,0,0,0
"Louisiana","Ascension",2019,361,319,41,1,0,0,0,101,54,33,0,7,354,0,0,0
"Louisiana","Bossier",2019,357,324,33,0,0,0,0,84,50,34,0,0,223,0,125,9
"Louisiana","Caddo",2019,356,296,60,0,0,0,0,80,55,37,0,0,278,0,78,0
"Louisiana","Calcasieu",2019,365,239,126,0,0,0,0,90,63,45,0,1,133,4,227,0
"Louisiana","East Baton Rouge",2019,365,260,103,2,0,0,0,108,68,42,0,8,177,1,179,0
"Louisiana","Iberville",2019,365,306,55,4,0,0,0,119,58,37,0,1,316,0,48,0
"Louisiana","Jefferson",2019,365,310,55,0,0,0,0,84,54,38,0,6,268,0,91,0
"Louisiana","Lafayette",2019,365,283,82,0,0,0,0,84,57,41,0,0,206,0,159,0
"Louisiana","Lafourche",2019,360,273,85,2,0,0,0,126,58,41,0,0,155,0,205,0
"Louisiana","Livingston",2019,365,279,86,0,0,0,0,97,60,41,0,0,180,0,185,0
"Louisiana","Orleans",2019,365,327,38,0,0,0,0,89,51,29,0,95,0,0,256,14
"Louisiana","Ouachita",2019,363,335,28,0,0,0,0,71,49,34,0,0,321,0,42,0
"Louisiana","Pointe Coupee",2019,351,322,26,3,0,0,0,112,49,33,0,0,351,0,0,0
"Louisiana","Rapides",2019,119,107,12,0,0,0,0,71,52,30,0,0,0,0,119,0
"Louisiana","St. Bernard",2019,365,251,112,2,0,0,0,112,60,44,0,0,148,16,201,0
"Louisiana","St. Charles",2019,362,350,12,0,0,0,0,90,26,3,0,0,0,362,0,0
"Louisiana","St. James",2019,365,350,15,0,0,0,0,97,46,28,0,0,359,6,0,0
"Louisiana","St. John the Baptist",2019,364,334,30,0,0,0,0,93,48,33,0,0,364,0,0,0
"Louisiana","St. Martin",2019,355,330,25,0,0,0,0,80,48,34,0,0,355,0,0,0
"Louisiana","St. Tammany",2019,363,306,57,0,0,0,0,84,56,37,0,0,236,0,127,0
"Louisiana","Tangipahoa",2019,117,104,13,0,0,0,0,64,52,30,0,0,0,0,117,0
"Louisiana","Terrebonne",2019,120,108,12,0,0,0,0,70,51,28,0,0,0,0,120,0
"Louisiana","West Baton Rouge",2019,365,289,76,0,0,0,0,100,59,39,0,10,162,1,192,0
"Maine","Androscoggin",2019,361,345,16,0,0,0,0,72,44,31,0,0,199,0,159,3
"Maine","Aroostook",2019,365,340,23,1,1,0,0,174,47,34,0,0,264,0,100,1
"Maine","Cumberland",2019,365,314,51,0,0,0,0,100,54,39,0,0,169,0,192,4
"Maine","Hancock",2019,365,347,17,1,0,0,0,105,48,36,2,0,343,0,19,1
"Maine","Kennebec",2019,361,356,5,0,0,0,0,67,44,28,0,129,211,0,21,0
"Maine","Knox",2019,213,204,9,0,0,0,0,84,47,36,0,0,213,0,0,0
"Maine","Oxford",2019,334,323,11,0,0,0,0,68,44,30,0,0,175,0,159,0
"Maine","Penobscot",2019,361,348,13,0,0,0,0,72,45,31,0,0,207,0,146,8
"Maine","Washington",2019,363,360,3,0,0,0,0,71,45,34,0,0,363,0,0,0
"Maine","York",2019,231,216,14,1,0,0,0,115,48,38,0,0,231,0,0,0
"Maryland","Allegany",2019,365,332,21,11,1,0,0,152,43,1,0,0,0,365,0,0
"Maryland","Anne Arundel",2019,355,270,78,7,0,0,0,143,67,41,0,0,242,95,0,18
"Maryland","Baltimore",2019,365,263,93,9,0,0,0,150,71,43,0,20,266,1,78,0
"Maryland","Baltimore (City)",2019,363,268,89,6,0,0,0,126,62,42,0,29,197,0,137,0
"Maryland","Calvert",2019,232,214,18,0,0,0,0,71,49,39,0,0,232,0,0,0
"Maryland","Carroll",2019,241,205,35,1,0,0,0,101,54,43,0,0,241,0,0,0
"Maryland","Cecil",2019,361,290,68,3,0,0,0,150,58,39,0,0,228,0,133,0
"Maryland","Charles",2019,221,202,19,0,0,0,0,77,50,40,0,0,221,0,0,0
"Maryland","Dorchester",2019,365,304,58,3,0,0,0,126,55,41,0,0,329,0,36,0
"Maryland","Frederick",2019,243,198,44,1,0,0,0,112,58,44,0,0,243,0,0,0
"Maryland","Garrett",2019,365,345,20,0,0,0,0,71,49,37,2,0,270,0,93,0
"Maryland","Harford",2019,359,261,89,9,0,0,0,133,71,44,0,0,231,0,128,0
"Maryland","Howard",2019,365,319,46,0,0,0,0,79,52,30,0,129,0,0,236,0
"Maryland","Kent",2019,360,298,61,1,0,0,0,101,58,40,0,0,233,0,127,0
"Maryland","Montgomery",2019,361,313,48,0,0,0,0,86,52,39,0,0,220,0,141,0
"Maryland","Prince George's",2019,365,268,91,6,0,0,0,122,64,43,0,2,294,0,69,0
"Maryland","Washington",2019,360,313,47,0,0,0,0,92,54,40,0,0,214,0,146,0
"Massachusetts","Barnstable",2019,359,348,11,0,0,0,0,93,45,36,0,0,357,0,2,0
"Massachusetts","Berkshire",2019,364,320,44,0,0,0,0,87,52,37,0,0,247,0,117,0
"Massachusetts","Bristol",2019,364,323,41,0,0,0,0,97,51,40,0,0,296,0,68,0
"Massachusetts","Dukes",2019,352,331,17,4,0,0,0,126,48,38,0,0,344,0,8,0
"Massachusetts","Essex",2019,364,329,34,1,0,0,0,122,49,37,0,7,287,0,70,0
"Massachusetts","Franklin",2019,364,326,38,0,0,0,0,87,51,37,0,0,251,0,113,0
"Massachusetts","Hampden",2019,364,308,56,0,0,0,0,93,53,39,0,11,237,0,116,0
"Massachusetts","Hampshire",2019,364,332,32,0,0,0,0,93,49,38,0,1,288,0,75,0
"Massachusetts","Middlesex",2019,364,337,27,0,0,0,0,80,48,37,0,17,250,0,97,0
"Massachusetts","Norfolk",2019,362,352,10,0,0,0,0,100,44,34,0,13,349,0,0,0
"Massachusetts","Plymouth",2019,363,336,27,0,0,0,0,90,48,37,0,0,274,0,89,0
"Massachusetts","Suffolk",2019,365,310,55,0,0,0,0,87,53,38,1,41,136,0,187,0
"Massachusetts","Worcester",2019,365,314,51,0,0,0,0,93,54,40,1,12,221,0,131,0
"Michigan","Allegan",2019,276,227,45,4,0,0,0,115,61,38,0,0,241,0,35,0
"Michigan","Bay",2019,316,288,28,0,0,0,0,83,46,26,0,0,0,0,316,0
"Michigan","Benzie",2019,247,232,15,0,0,0,0,93,46,36,0,0,247,0,0,0
"Michigan","Berrien",2019,260,232,26,2,0,0,0,112,51,39,0,0,260,0,0,0
"Michigan","Cass",2019,255,229,26,0,0,0,0,90,51,39,0,0,255,0,0,0
"Michigan","Chippewa",2019,58,53,5,0,0,0,0,62,49,32,0,0,0,0,58,0
"Michigan","Clinton",2019,248,243,5,0,0,0,0,67,46,35,0,0,248,0,0,0
"Michigan","Genesee",2019,340,282,58,0,0,0,0,74,56,38,0,0,194,0,146,0
"Michigan","Huron",2019,259,250,9,0,0,0,0,90,46,36,0,0,259,0,0,0
"Michigan","Ingham",2019,365,331,34,0,0,0,0,75,49,35,0,9,233,0,123,0
"Michigan","Kalamazoo",2019,362,312,50,0,0,0,0,85,54,38,0,0,200,0,162,0
"Michigan","Kent",2019,365,310,55,0,0,0,0,90,54,36,3,0,257,0,101,4
"Michigan","Keweenaw",2019,59,59,0,0,0,0,0,25,15,8,0,0,0,0,59,0
"Michigan","Lenawee",2019,358,286,72,0,0,0,0,90,58,39,0,0,192,0,166,0
"Michigan","Macomb",2019,292,251,40,1,0,0,0,101,54,38,0,0,244,0,48,0
"Michigan","Manistee",2019,269,249,19,1,0,0,0,101,49,35,0,0,241,0,28,0
"Michigan","Mason",2019,254,244,10,0,0,0,0,64,46,35,0,0,254,0,0,0
"Michigan","Missaukee",2019,363,334,29,0,0,0,0,71,49,35,0,0,306,0,57,0
"Michigan","Monroe",2019,359,355,4,0,0,0,0,76,16,1,0,0,0,299,0,60
"Michigan","Muskegon",2019,262,236,25,1,0,0,0,133,50,38,0,0,262,0,0,0
"Michigan","Oakland",2019,293,246,45,2,0,0,0,122,58,38,0,0,242,0,51,0
"Michigan","Ottawa",2019,365,313,52,0,0,0,0,100,58,35,0,78,230,8,45,4
"Michigan","Schoolcraft",2019,363,346,17,0,0,0,0,90,45,31,0,0,243,0,120,0
"Michigan","St. Clair",2019,365,275,87,3,0,0,0,108,64,40,0,0,172,65,128,0
"Michigan","Tuscola",2019,355,345,10,0,0,0,0,77,46,33,0,0,355,0,0,0
"Michigan","Washtenaw",2019,365,292,73,0,0,0,0,88,58,40,0,0,241,0,124,0
"Michigan","Wayne",2019,365,155,200,10,0,0,0,142,77,53,0,7,73,20,253,12
"Michigan","Wexford",2019,340,322,18,0,0,0,0,74,46,34,0,0,340,0,0,0
"Minnesota","Anoka",2019,364,315,48,1,0,0,0,122,55,37,2,11,245,0,106,0
"Minnesota","Becker",2019,360,336,23,1,0,0,0,105,47,28,0,0,183,0,177,0
"Minnesota","Beltrami",2019,352,332,18,1,1,0,0,181,42,20,0,0,0,0,352,0
"Minnesota","Carlton",2019,356,346,10,0,0,0,0,80,44,27,0,0,218,0,138,0
"Minnesota","Cass",2019,350,332,17,1,0,0,0,125,33,13,0,0,0,0,350,0
"Minnesota","Cook",2019,334,325,9,0,0,0,0,78,30,17,0,0,0,0,334,0
"Minnesota","Crow Wing",2019,359,334,24,1,0,0,0,101,45,28,0,0,173,0,186,0
"Minnesota","Dakota",2019,365,306,59,0,0,0,0,89,56,28,0,71,0,1,293,0
"Minnesota","Goodhue",2019,216,203,13,0,0,0,0,97,48,37,0,0,216,0,0,0
"Minnesota","Hennepin",2019,365,245,120,0,0,0,0,94,62,42,0,12,58,0,175,120
"Minnesota","Lake",2019,362,342,20,0,0,0,0,81,44,27,0,0,151,0,173,38
"Minnesota","Lyon",2019,362,327,35,0,0,0,0,85,49,32,0,0,204,0,158,0
"Minnesota","Mille Lacs",2019,247,239,8,0,0,0,0,90,44,32,0,0,247,0,0,0
"Minnesota","Olmsted",2019,364,313,51,0,0,0,0,84,55,36,0,0,195,0,169,0
"Minnesota","Ramsey",2019,365,296,69,0,0,0,0,90,59,30,0,0,0,0,327,38
"Minnesota","Saint Louis",2019,365,328,36,1,0,0,0,101,51,34,0,0,253,0,100,12
"Minnesota","Scott",2019,365,314,51,0,0,0,0,93,52,36,0,0,247,0,118,0
"Minnesota","Stearns",2019,344,313,31,0,0,0,0,93,49,32,0,0,211,0,133,0
"Minnesota","Washington",2019,363,313,48,1,1,0,0,200,55,30,0,0,169,106,81,7
"Minnesota","Winona",2019,57,53,4,0,0,0,0,61,45,15,0,0,0,0,57,0
"Minnesota","Wright",2019,362,322,40,0,0,0,0,90,54,34,0,0,206,0,156,0
"Mississippi","Bolivar",2019,364,270,94,0,0,0,0,96,62,43,0,0,138,0,226,0
"Mississippi","DeSoto",2019,364,296,67,1,0,0,0,136,55,39,0,0,154,0,210,0
"Mississippi","Forrest",2019,358,298,60,0,0,0,0,75,55,35,0,0,0,0,358,0
"Mississippi","Hancock",2019,365,316,49,0,0,0,0,80,54,37,0,0,184,0,181,0
"Mississippi","Harrison",2019,363,284,79,0,0,0,0,97,59,41,0,0,136,0,227,0
"Mississippi","Hinds",2019,365,256,109,0,0,0,0,100,63,44,0,0,143,0,222,0
"Mississippi","Jackson",2019,365,289,75,1,0,0,0,105,58,39,0,1,155,0,209,0
"Mississippi","Lauderdale",2019,245,229,16,0,0,0,0,77,49,36,0,0,245,0,0,0
"Mississippi","Lee",2019,241,222,19,0,0,0,0,84,49,39,0,0,241,0,0,0
"Mississippi","Yalobusha",2019,348,334,14,0,0,0,0,71,45,33,0,0,348,0,0,0
"Missouri","Andrew",2019,245,227,18,0,0,0,0,80,49,40,0,0,245,0,0,0
"Missouri","Boone",2019,245,239,6,0,0,0,0,71,46,38,0,0,245,0,0,0
"Missouri","Buchanan",2019,365,295,70,0,0,0,0,82,57,33,0,0,0,0,278,87
"Missouri","Callaway",2019,245,238,7,0,0,0,0,71,47,39,0,0,245,0,0,0
"Missouri","Cass",2019,365,319,46,0,0,0,0,93,51,37,0,0,213,0,152,0
"Missouri","Cedar",2019,351,285,66,0,0,0,0,80,56,39,0,0,162,0,189,0
"Missouri","Clay",2019,365,295,70,0,0,0,0,90,59,40,0,0,225,0,140,0
"Missouri","Clinton",2019,245,213,32,0,0,0,0,87,54,42,0,0,245,0,0,0
"Missouri","Franklin",2019,364,361,3,0,0,0,0,64,14,1,0,0,0,364,0,0
"Missouri","Greene",2019,365,322,43,0,0,0,0,77,51,39,0,0,197,0,154,14
"Missouri","Iron",2019,365,338,27,0,0,0,0,99,44,17,0,0,0,365,0,0
"Missouri","Jackson",2019,365,265,100,0,0,0,0,93,60,38,0,46,0,0,265,54
"Missouri","Jasper",2019,365,324,40,1,0,0,0,108,51,37,0,0,220,0,0,145
"Missouri","Jefferson",2019,365,292,71,2,0,0,0,105,58,39,0,0,210,11,128,16
"Missouri","Lincoln",2019,245,223,22,0,0,0,0,100,50,40,0,0,245,0,0,0
"Missouri","Monroe",2019,365,357,8,0,0,0,0,71,45,35,0,0,365,0,0,0
"Missouri","New Madrid",2019,365,49,50,145,121,0,0,200,187,131,0,0,0,365,0,0
"Missouri","Perry",2019,245,224,21,0,0,0,0,87,50,40,0,0,245,0,0,0
"Missouri","Saint Charles",2019,365,319,41,4,1,0,0,151,54,36,0,0,241,124,0,0
"Missouri","Saint Louis",2019,365,264,98,3,0,0,0,143,65,43,0,8,180,0,177,0
"Missouri","Sainte Genevieve",2019,244,229,15,0,0,0,0,87,49,38,0,0,244,0,0,0
"Missouri","St. Louis City",2019,365,215,145,5,0,0,0,129,70,47,0,10,152,0,189,14
"Missouri","Stoddard",2019,48,46,2,0,0,0,0,56,40,21,0,0,0,0,48,0
"Missouri","Taney",2019,60,58,2,0,0,0,0,61,33,18,0,0,0,0,60,0
"Montana","Cascade",2019,363,350,12,1,0,0,0,106,38,21,0,0,0,0,363,0
"Montana","Fergus",2019,365,348,17,0,0,0,0,84,47,37,0,0,336,0,27,2
"Montana","Flathead",2019,365,302,62,1,0,0,0,103,58,37,0,0,234,0,102,29
"Montana","Gallatin",2019,365,337,28,0,0,0,0,91,47,25,4,22,0,0,339,0
"Montana","Lake",2019,39,39,0,0,0,0,0,37,15,7,0,0,0,0,39,0
"Montana","Lewis and Clark",2019,365,288,75,2,0,0,0,144,64,40,0,0,252,0,113,0
"Montana","Lincoln",2019,364,222,141,1,0,0,0,102,72,36,0,0,0,0,353,11
"Montana","Missoula",2019,365,224,137,3,1,0,0,152,76,40,0,0,2,0,362,1
"Montana","Phillips",2019,365,356,9,0,0,0,0,71,44,34,0,0,332,0,31,2
"Montana","Powder River",2019,361,329,31,1,0,0,0,145,50,38,0,0,309,0,39,13
"Montana","Powell",2019,52,52,0,0,0,0,0,48,16,6,0,0,0,0,52,0
"Montana","Ravalli",2019,364,329,35,0,0,0,0,74,48,14,0,0,0,0,364,0
"Montana","Richland",2019,365,339,26,0,0,0,0,93,48,37,0,0,307,0,51,7
"Montana","Roosevelt",2019,38,38,0,0,0,0,0,45,38,10,0,0,0,0,38,0
"Montana","Rosebud",2019,364,351,13,0,0,0,0,71,47,36,0,3,316,0,41,4
"Montana","Sanders",2019,364,329,35,0,0,0,0,94,50,25,0,0,0,0,345,19
"Montana","Sheridan",2019,51,50,1,0,0,0,0,51,29,14,0,0,0,0,51,0
"Montana","Silver Bow",2019,363,319,44,0,0,0,0,91,55,20,0,0,0,0,191,172
"Montana","Yellowstone",2019,362,357,4,0,1,0,0,157,34,21,0,0,0,77,285,0
"Nebraska","Cass",2019,348,348,0,0,0,0,0,46,26,13,0,0,0,0,0,348
"Nebraska","Douglas",2019,365,312,53,0,0,0,0,86,56,38,0,0,214,14,128,9
"Nebraska","Hall",2019,97,92,5,0,0,0,0,60,38,19,0,0,0,0,97,0
"Nebraska","Knox",2019,355,342,13,0,0,0,0,80,46,35,0,0,355,0,0,0
"Nebraska","Lancaster",2019,360,338,22,0,0,0,0,66,46,31,0,0,229,76,55,0
"Nebraska","Sarpy",2019,350,298,52,0,0,0,0,80,55,29,0,0,0,0,350,0
"Nebraska","Scotts Bluff",2019,113,110,3,0,0,0,0,70,34,19,0,0,0,0,113,0
"Nebraska","Thomas",2019,51,48,3,0,0,0,0,57,34,13,0,0,0,0,51,0
"Nebraska","Washington",2019,116,107,9,0,0,0,0,75,48,25,0,0,0,0,116,0
"Nevada","Carson City",2019,365,308,57,0,0,0,0,97,58,41,0,0,300,0,65,0
"Nevada","Churchill",2019,353,323,30,0,0,0,0,80,50,41,0,0,353,0,0,0
"Nevada","Clark",2019,365,154,206,5,0,0,0,122,87,54,1,20,252,0,84,8
"Nevada","Douglas",2019,356,346,10,0,0,0,0,62,40,13,0,0,0,0,356,0
"Nevada","Elko",2019,365,363,2,0,0,0,0,61,27,14,0,0,0,0,7,358
"Nevada","Lyon",2019,352,340,12,0,0,0,0,71,47,39,0,0,349,0,0,3
"Nevada","Nye",2019,365,352,12,1,0,0,0,146,31,15,0,0,0,0,0,365
"Nevada","Washoe",2019,365,244,121,0,0,0,0,97,64,46,0,4,294,0,62,5
"Nevada","White Pine",2019,362,294,67,1,0,0,0,101,61,44,0,0,361,0,1,0
"New Hampshire","Belknap",2019,316,308,8,0,0,0,0,74,44,31,0,0,181,0,135,0
"New Hampshire","Cheshire",2019,365,348,17,0,0,0,0,79,45,34,0,0,303,0,62,0
"New Hampshire","Coos",2019,324,314,10,0,0,0,0,64,47,40,0,0,305,0,19,0
"New Hampshire","Grafton",2019,365,352,13,0,0,0,0,60,44,33,0,0,311,0,54,0
"New Hampshire","Hillsborough",2019,365,353,12,0,0,0,0,80,46,37,0,0,356,0,9,0
"New Hampshire","Merrimack",2019,365,360,5,0,0,0,0,72,43,27,0,0,209,156,0,0
"New Hampshire","Rockingham",2019,365,343,21,1,0,0,0,112,47,37,0,0,316,0,49,0
"New Jersey","Atlantic",2019,365,328,36,1,0,0,0,105,51,37,0,0,262,0,103,0
"New Jersey","Bergen",2019,365,228,132,5,0,0,0,150,71,44,0,58,96,0,211,0
"New Jersey","Camden",2019,365,240,120,5,0,0,0,126,67,44,0,19,202,0,144,0
"New Jersey","Cumberland",2019,361,297,61,3,0,0,0,105,58,40,0,2,268,0,91,0
"New Jersey","Essex",2019,365,265,100,0,0,0,0,100,62,41,0,85,160,0,120,0
"New Jersey","Gloucester",2019,280,242,37,1,0,0,0,133,54,37,0,0,226,0,54,0
"New Jersey","Hudson",2019,365,268,97,0,0,0,0,92,61,41,0,105,136,0,124,0
"New Jersey","Hunterdon",2019,362,295,66,1,0,0,0,108,58,39,0,0,271,0,91,0
"New Jersey","Mercer",2019,365,280,83,2,0,0,0,136,61,41,0,0,266,0,99,0
"New Jersey","Middlesex",2019,362,285,74,3,0,0,0,115,61,40,0,20,247,0,95,0
"New Jersey","Monmouth",2019,240,217,23,0,0,0,0,100,50,37,0,0,240,0,0,0
"New Jersey","Morris",2019,364,336,28,0,0,0,0,87,50,36,0,11,335,0,18,0
"New Jersey","Ocean",2019,349,291,56,2,0,0,0,150,58,38,0,0,218,0,131,0
"New Jersey","Passaic",2019,277,242,34,1,0,0,0,122,54,39,0,0,224,0,53,0
"New Jersey","Union",2019,365,258,107,0,0,0,0,100,59,42,0,109,0,0,256,0
"New Jersey","Warren",2019,364,320,43,1,0,0,0,103,52,35,0,47,197,0,120,0
"New Mexico","Bernalillo",2019,365,164,197,4,0,0,0,108,77,51,0,1,248,0,67,49
"New Mexico","Catron",2019,51,51,0,0,0,0,0,30,18,9,0,0,0,0,51,0
"New Mexico","Chaves",2019,59,59,0,0,0,0,0,48,26,15,0,0,0,0,59,0
"New Mexico","Dona Ana",2019,365,170,171,17,3,2,2,630,87,51,0,8,263,0,23,71
"New Mexico","Eddy",2019,365,212,134,17,2,0,0,174,90,47,0,1,364,0,0,0
"New Mexico","Lea",2019,365,252,109,4,0,0,0,140,71,45,0,4,309,0,52,0
"New Mexico","Lincoln",2019,50,50,0,0,0,0,0,31,21,10,0,0,0,0,50,0
"New Mexico","Los Alamos",2019,57,57,0,0,0,0,0,32,15,8,0,0,0,0,57,0
"New Mexico","Luna",2019,361,349,10,1,0,0,1,617,29,12,0,0,0,0,0,361
"New Mexico","Rio Arriba",2019,358,315,43,0,0,0,0,90,54,43,0,0,354,0,4,0
"New Mexico","San Juan",2019,365,208,157,0,0,0,0,97,90,49,0,3,362,0,0,0
"New Mexico","Sandoval",2019,363,276,87,0,0,0,0,97,61,44,0,0,356,0,5,2
"New Mexico","Santa Fe",2019,362,274,87,1,0,0,0,101,67,44,0,0,352,0,10,0
"New Mexico","Socorro",2019,44,44,0,0,0,0,0,31,19,10,0,0,0,0,44,0
"New Mexico","Taos",2019,358,334,24,0,0,0,0,70,42,15,0,0,0,0,358,0
"New Mexico","Valencia",2019,357,270,87,0,0,0,0,93,67,44,0,0,357,0,0,0
"New York","Albany",2019,365,322,43,0,0,0,0,92,53,37,0,0,242,0,123,0
"New York","Bronx",2019,365,280,82,3,0,0,0,115,63,40,0,66,164,0,135,0
"New York","Chautauqua",2019,365,337,27,1,0,0,0,105,49,37,0,0,320,22,23,0
"New York","Dutchess",2019,365,353,12,0,0,0,0,90,45,33,0,0,331,34,0,0
"New York","Erie",2019,365,310,55,0,0,0,0,93,54,38,0,27,221,0,117,0
"New York","Essex",2019,365,332,33,0,0,0,0,80,50,42,0,0,362,1,2,0
"New York","Franklin",2019,356,356,0,0,0,0,0,1,0,0,0,0,0,356,0,0
"New York","Hamilton",2019,360,358,2,0,0,0,0,54,44,34,0,0,323,37,0,0
"New York","Herkimer",2019,222,222,0,0,0,0,0,45,36,27,0,0,185,37,0,0
"New York","Jefferson",2019,205,198,7,0,0,0,0,64,46,35,0,0,205,0,0,0
"New York","Kings",2019,365,335,30,0,0,0,0,75,46,27,0,0,0,0,365,0
"New York","Monroe",2019,365,321,44,0,0,0,0,90,52,36,0,3,235,0,127,0
"New York","Nassau",2019,363,344,19,0,0,0,0,68,42,22,0,0,0,14,349,0
"New York","New York",2019,365,293,70,2,0,0,0,136,58,39,0,0,184,0,181,0
"New York","Niagara",2019,352,339,13,0,0,0,0,80,44,35,0,0,352,0,0,0
"New York","Oneida",2019,355,345,10,0,0,0,0,60,35,18,0,0,0,0,355,0
"New York","Onondaga",2019,365,337,28,0,0,0,0,77,49,37,0,0,281,0,84,0
"New York","Orange",2019,365,343,22,0,0,0,0,74,47,36,0,0,275,0,90,0
"New York","Oswego",2019,321,316,5,0,0,0,0,67,45,34,0,0,321,0,0,0
"New York","Putnam",2019,364,348,15,1,0,0,0,101,46,34,0,0,329,35,0,0
"New York","Queens",2019,365,292,69,4,0,0,0,119,58,40,0,85,189,0,91,0
"New York","Richmond",2019,365,314,51,0,0,0,0,97,55,37,0,0,224,0,141,0
"New York","Rockland",2019,365,335,29,1,0,0,0,112,49,36,0,0,296,0,69,0
"New York","Saratoga",2019,331,328,3,0,0,0,0,58,44,33,0,0,331,0,0,0
"New York","Seneca",2019,360,360,0,0,0,0,0,6,1,0,0,0,0,360,0,0
"New York","St. Lawrence",2019,365,279,76,10,0,0,0,105,80,17,0,0,0,365,0,0
"New York","Steuben",2019,365,349,16,0,0,0,0,65,47,35,0,0,292,0,73,0
"New York","Suffolk",2019,365,300,56,9,0,0,0,150,61,40,0,0,295,1,69,0
"New York","Tompkins",2019,365,358,7,0,0,0,0,61,45,34,0,0,353,12,0,0
"New York","Wayne",2019,268,253,15,0,0,0,0,90,47,35,0,0,268,0,0,0
"New York","Westchester",2019,365,330,34,1,0,0,0,105,50,36,0,0,292,0,73,0
"North Carolina","Alexander",2019,305,274,31,0,0,0,0,80,51,39,0,0,245,0,0,60
"North Carolina","Avery",2019,363,335,28,0,0,0,0,77,49,40,0,0,363,0,0,0
"North Carolina","Beaufort",2019,352,352,0,0,0,0,0,39,6,0,0,0,0,352,0,0
"North Carolina","Brunswick",2019,351,325,24,2,0,0,0,119,46,0,0,0,0,351,0,0
"North Carolina","Buncombe",2019,365,328,37,0,0,0,0,84,51,38,0,0,197,7,161,0
"North Carolina","Caldwell",2019,304,275,29,0,0,0,0,74,50,39,0,0,243,61,0,0
"North Carolina","Carteret",2019,259,239,20,0,0,0,0,80,50,37,0,0,259,0,0,0
"North Carolina","Caswell",2019,245,236,9,0,0,0,0,64,47,39,0,0,245,0,0,0
"North Carolina","Catawba",2019,361,298,63,0,0,0,0,71,54,33,0,0,0,0,361,0
"North Carolina","Cumberland",2019,363,282,81,0,0,0,0,84,58,41,0,0,206,0,153,4
"North Carolina","Davidson",2019,350,272,78,0,0,0,0,91,56,35,0,0,0,0,350,0
"North Carolina","Durham",2019,364,293,71,0,0,0,0,87,56,42,0,0,203,0,161,0
"North Carolina","Edgecombe",2019,363,325,38,0,0,0,0,71,51,36,0,0,200,0,163,0
"North Carolina","Forsyth",2019,365,236,129,0,0,0,0,97,64,45,0,12,180,0,173,0
"North Carolina","Graham",2019,245,191,54,0,0,0,0,97,61,44,0,0,245,0,0,0
"North Carolina","Granville",2019,240,195,45,0,0,0,0,87,64,44,0,0,240,0,0,0
"North Carolina","Guilford",2019,365,293,72,0,0,0,0,90,61,42,0,0,222,0,117,26
"North Carolina","Haywood",2019,364,296,66,2,0,0,0,108,61,43,0,0,244,111,9,0
"North Carolina","Hyde",2019,46,45,1,0,0,0,0,59,30,20,0,0,0,0,46,0
"North Carolina","Jackson",2019,103,100,3,0,0,0,0,62,45,26,0,0,0,0,103,0
"North Carolina","Johnston",2019,363,294,69,0,0,0,0,87,55,40,0,0,166,0,197,0
"North Carolina","Lenoir",2019,237,205,32,0,0,0,0,87,54,42,0,0,237,0,0,0
"North Carolina","Lincoln",2019,243,178,65,0,0,0,0,97,64,44,0,0,243,0,0,0
"North Carolina","Macon",2019,358,343,15,0,0,0,0,87,46,33,0,0,358,0,0,0
"North Carolina","Martin",2019,356,322,34,0,0,0,0,74,50,36,0,0,237,61,0,58
"North Carolina","Mecklenburg",2019,365,234,121,10,0,0,0,136,71,45,0,2,217,0,146,0
"North Carolina","Mitchell",2019,333,325,8,0,0,0,0,59,40,22,0,0,0,0,333,0
"North Carolina","Montgomery",2019,365,308,57,0,0,0,0,71,53,39,0,0,248,0,117,0
"North Carolina","New Hanover",2019,348,319,29,0,0,0,0,80,50,34,0,0,222,0,126,0
"North Carolina","Northampton",2019,153,138,15,0,0,0,0,71,49,32,0,11,0,0,142,0
"North Carolina","Person",2019,362,314,48,0,0,0,0,92,51,39,0,0,240,122,0,0
"North Carolina","Pitt",2019,352,308,44,0,0,0,0,87,52,38,0,0,208,0,144,0
"North Carolina","Rockingham",2019,245,207,38,0,0,0,0,84,58,44,0,0,245,0,0,0
"North Carolina","Rowan",2019,365,289,76,0,0,0,0,100,64,43,0,0,325,0,40,0
"North Carolina","Swain",2019,362,323,39,0,0,0,0,90,51,37,0,0,182,0,180,0
"North Carolina","Union",2019,235,175,57,3,0,0,0,105,64,45,0,0,235,0,0,0
"North Carolina","Wake",2019,365,245,120,0,0,0,0,93,61,46,1,1,175,0,188,0
"North Carolina","Yancey",2019,244,191,53,0,0,0,0,87,64,45,0,0,244,0,0,0
"North Dakota","Billings",2019,365,354,11,0,0,0,0,84,45,33,0,0,327,0,38,0
"North Dakota","Burke",2019,365,354,11,0,0,0,0,67,45,32,0,1,324,3,36,1
"North Dakota","Burleigh",2019,365,331,34,0,0,0,0,90,49,31,0,10,212,0,135,8
"North Dakota","Cass",2019,363,327,34,1,1,0,0,156,50,33,0,9,264,0,88,2
"North Dakota","Dunn",2019,365,348,17,0,0,0,0,87,46,34,0,0,339,0,26,0
"North Dakota","McKenzie",2019,365,353,12,0,0,0,0,77,46,34,0,1,338,0,25,1
"North Dakota","Mercer",2019,365,341,24,0,0,0,0,71,48,35,0,0,270,6,89,0
"North Dakota","Oliver",2019,365,339,26,0,0,0,0,84,48,34,0,0,342,0,23,0
"North Dakota","Ward",2019,364,347,17,0,0,0,0,87,44,29,0,7,262,0,91,4
"North Dakota","Williams",2019,365,309,53,3,0,0,0,128,56,34,0,0,253,56,55,1
"Ohio","Adams",2019,365,361,4,0,0,0,0,61,36,20,0,0,0,41,324,0
"Ohio","Allen",2019,364,303,61,0,0,0,0,97,56,39,0,0,214,32,118,0
"Ohio","Ashtabula",2019,358,334,23,1,0,0,0,112,47,34,0,0,245,113,0,0
"Ohio","Athens",2019,120,116,4,0,0,0,0,56,43,25,0,0,0,0,120,0
"Ohio","Belmont",2019,365,349,16,0,0,0,0,66,38,15,14,251,0,1,90,9
"Ohio","Butler",2019,365,247,105,13,0,0,0,147,78,44,0,0,275,27,58,5
"Ohio","Clark",2019,365,220,143,2,0,0,0,105,64,45,0,0,157,3,205,0
"Ohio","Clermont",2019,358,287,67,4,0,0,0,140,58,40,0,0,213,0,145,0
"Ohio","Clinton",2019,244,203,41,0,0,0,0,100,58,43,0,0,244,0,0,0
"Ohio","Columbiana",2019,350,350,0,0,0,0,0,26,11,1,0,0,0,288,0,62
"Ohio","Cuyahoga",2019,365,188,173,4,0,0,0,108,70,50,0,3,133,2,214,13
"Ohio","Delaware",2019,241,214,27,0,0,0,0,84,51,41,0,0,241,0,0,0
"Ohio","Fayette",2019,355,332,23,0,0,0,0,74,48,38,0,0,355,0,0,0
"Ohio","Franklin",2019,365,244,120,1,0,0,0,101,65,46,0,5,174,0,185,1
"Ohio","Gallia",2019,365,337,26,2,0,0,0,117,46,6,0,0,0,365,0,0
"Ohio","Geauga",2019,230,189,39,2,0,0,0,119,61,42,0,0,230,0,0,0
"Ohio","Greene",2019,243,213,30,0,0,0,0,90,54,41,0,0,243,0,0,0
"Ohio","Hamilton",2019,365,162,197,6,0,0,0,119,77,52,0,7,152,0,206,0
"Ohio","Harrison",2019,293,290,3,0,0,0,0,59,30,2,236,0,0,0,55,2
"Ohio","Jefferson",2019,365,232,131,2,0,0,0,123,63,45,0,0,119,7,239,0
"Ohio","Knox",2019,245,218,27,0,0,0,0,93,51,41,0,0,245,0,0,0
"Ohio","Lake",2019,365,317,43,5,0,0,0,115,54,37,0,0,231,1,133,0
"Ohio","Lawrence",2019,365,328,37,0,0,0,0,77,51,39,0,0,197,0,168,0
"Ohio","Licking",2019,245,223,22,0,0,0,0,80,50,41,0,0,245,0,0,0
"Ohio","Lorain",2019,362,313,49,0,0,0,0,72,52,38,0,0,204,0,158,0
"Ohio","Lucas",2019,365,293,71,1,0,0,0,143,61,40,0,0,200,15,150,0
"Ohio","Madison",2019,245,209,36,0,0,0,0,93,54,42,0,0,245,0,0,0
"Ohio","Mahoning",2019,365,308,57,0,0,0,0,84,54,39,0,0,177,5,183,0
"Ohio","Medina",2019,353,304,49,0,0,0,0,78,53,38,0,0,163,0,190,0
"Ohio","Miami",2019,241,226,15,0,0,0,0,77,49,40,0,0,241,0,0,0
"Ohio","Montgomery",2019,365,229,136,0,0,0,0,94,64,45,0,0,168,0,195,2
"Ohio","Morgan",2019,351,351,0,0,0,0,0,29,10,1,0,0,0,351,0,0
"Ohio","Noble",2019,357,333,24,0,0,0,0,87,49,37,0,0,346,0,11,0
"Ohio","Portage",2019,270,252,18,0,0,0,0,87,49,37,0,0,214,0,56,0
"Ohio","Preble",2019,364,266,98,0,0,0,0,93,60,43,0,0,219,0,145,0
"Ohio","Scioto",2019,365,356,9,0,0,0,0,78,37,14,0,0,0,52,103,210
"Ohio","Stark",2019,365,226,139,0,0,0,0,100,67,46,0,0,164,0,201,0
"Ohio","Summit",2019,365,279,83,3,0,0,0,115,61,42,0,0,170,2,193,0
"Ohio","Trumbull",2019,362,295,67,0,0,0,0,100,58,40,0,0,208,0,154,0
"Ohio","Warren",2019,360,284,73,3,0,0,0,122,63,43,0,0,199,0,161,0
"Ohio","Washington",2019,245,219,26,0,0,0,0,87,51,41,0,0,245,0,0,0
"Ohio","Wood",2019,244,225,19,0,0,0,0,87,49,38,0,0,244,0,0,0
"Oklahoma","Adair",2019,365,338,27,0,0,0,0,86,49,37,1,0,262,0,98,4
"Oklahoma","Canadian",2019,355,306,48,1,0,0,0,105,54,37,0,0,355,0,0,0
"Oklahoma","Carter",2019,365,285,80,0,0,0,0,97,58,43,0,0,218,0,147,0
"Oklahoma","Choctaw",2019,252,238,14,0,0,0,0,90,47,37,0,0,252,0,0,0
"Oklahoma","Cleveland",2019,365,231,134,0,0,0,0,90,64,45,0,0,192,0,173,0
"Oklahoma","Comanche",2019,365,285,80,0,0,0,0,97,62,43,0,0,224,0,141,0
"Oklahoma","Creek",2019,356,331,24,1,0,0,0,101,48,36,0,0,356,0,0,0
"Oklahoma","Custer",2019,236,235,1,0,0,0,0,58,26,14,0,0,0,0,0,236
"Oklahoma","Dewey",2019,365,293,72,0,0,0,0,93,58,42,0,0,240,0,125,0
"Oklahoma","Garfield",2019,345,339,6,0,0,0,0,74,13,0,0,0,0,345,0,0
"Oklahoma","Johnston",2019,141,128,13,0,0,0,0,67,50,40,0,0,141,0,0,0
"Oklahoma","Kay",2019,365,292,72,1,0,0,0,106,57,40,0,0,139,4,222,0
"Oklahoma","Le Flore",2019,38,35,3,0,0,0,0,79,48,28,0,0,0,0,34,4
"Oklahoma","Mayes",2019,365,351,14,0,0,0,0,100,46,32,0,0,296,69,0,0
"Oklahoma","Muskogee",2019,286,269,15,1,1,0,0,169,35,5,0,0,0,152,0,134
"Oklahoma","Nowata",2019,365,287,77,1,0,0,0,118,56,41,0,0,229,0,136,0
"Oklahoma","Oklahoma",2019,365,227,137,1,0,0,0,119,70,46,0,5,204,0,155,1
"Oklahoma","Osage",2019,354,311,43,0,0,0,0,90,51,38,0,0,354,0,0,0
"Oklahoma","Ottawa",2019,363,289,73,1,0,0,0,104,57,38,0,0,80,0,251,32
"Oklahoma","Pittsburg",2019,365,272,91,2,0,0,0,105,59,43,0,0,238,0,127,0
"Oklahoma","Sequoyah",2019,361,325,36,0,0,0,0,67,50,36,0,18,201,0,142,0
"Oklahoma","Tulsa",2019,365,256,108,1,0,0,0,105,65,44,0,3,225,0,137,0
"Oregon","Baker",2019,360,328,32,0,0,0,0,64,49,23,0,0,0,0,360,0
"Oregon","Benton",2019,365,332,33,0,0,0,0,85,49,17,0,0,0,0,365,0
"Oregon","Clackamas",2019,199,191,7,1,0,0,0,101,44,31,0,0,143,0,56,0
"Oregon","Columbia",2019,363,355,8,0,0,0,0,84,38,24,0,0,141,0,222,0
"Oregon","Coos",2019,107,106,1,0,0,0,0,58,35,19,0,0,0,0,107,0
"Oregon","Crook",2019,365,296,68,1,0,0,0,103,59,23,0,0,0,0,365,0
"Oregon","Deschutes",2019,365,341,19,4,1,0,0,153,43,20,0,0,0,0,365,0
"Oregon","Douglas",2019,347,288,59,0,0,0,0,80,59,24,0,0,0,0,347,0
"Oregon","Grant",2019,349,255,93,1,0,0,0,103,60,30,0,0,0,0,349,0
"Oregon","Harney",2019,364,264,95,5,0,0,0,131,66,33,0,0,0,0,363,1
"Oregon","Jackson",2019,365,295,63,3,4,0,0,180,61,36,0,0,141,0,224,0
"Oregon","Jefferson",2019,365,291,72,2,0,0,0,122,61,22,0,0,0,0,365,0
"Oregon","Josephine",2019,365,283,77,3,2,0,0,169,64,26,0,0,0,0,365,0
"Oregon","Klamath",2019,365,261,98,6,0,0,0,126,75,29,0,0,0,0,361,4
"Oregon","Lake",2019,363,311,51,1,0,0,0,106,56,19,0,0,0,0,363,0
"Oregon","Lane",2019,365,254,103,8,0,0,0,117,75,38,0,0,109,0,246,10
"Oregon","Linn",2019,365,280,83,2,0,0,0,104,62,28,0,0,0,0,365,0
"Oregon","Marion",2019,356,302,54,0,0,0,0,92,59,32,0,0,138,0,218,0
"Oregon","Multnomah",2019,365,321,44,0,0,0,0,89,52,34,0,11,228,0,126,0
"Oregon","Umatilla",2019,365,296,68,1,0,0,0,104,58,37,0,0,150,0,215,0
"Oregon","Union",2019,365,344,21,0,0,0,0,86,43,20,0,0,0,0,362,3
"Oregon","Wallowa",2019,363,333,29,1,0,0,0,103,48,22,0,0,0,0,363,0
"Oregon","Wasco",2019,350,298,52,0,0,0,0,88,57,23,0,0,0,0,350,0
"Oregon","Washington",2019,365,310,54,1,0,0,0,102,57,32,0,13,165,0,186,1
"Pennsylvania","Adams",2019,365,288,77,0,0,0,0,85,59,42,0,0,266,0,99,0
"Pennsylvania","Allegheny",2019,365,138,212,11,4,0,0,161,81,55,0,0,98,24,243,0
"Pennsylvania","Armstrong",2019,365,323,42,0,0,0,0,71,51,37,0,0,246,0,119,0
"Pennsylvania","Beaver",2019,365,248,116,1,0,0,0,132,64,45,0,0,231,0,134,0
"Pennsylvania","Berks",2019,365,279,80,5,1,0,0,165,63,42,0,0,242,0,123,0
"Pennsylvania","Blair",2019,354,281,73,0,0,0,0,92,60,41,0,0,211,2,141,0
"Pennsylvania","Bradford",2019,352,314,38,0,0,0,0,75,52,36,0,0,242,0,110,0
"Pennsylvania","Bucks",2019,357,318,36,3,0,0,0,136,54,35,0,0,357,0,0,0
"Pennsylvania","Cambria",2019,365,296,69,0,0,0,0,88,57,39,2,4,189,0,170,0
"Pennsylvania","Centre",2019,365,267,98,0,0,0,0,99,62,44,0,0,203,0,162,0
"Pennsylvania","Chester",2019,364,266,96,2,0,0,0,115,64,43,0,0,257,0,107,0
"Pennsylvania","Clearfield",2019,359,357,2,0,0,0,0,61,44,33,0,0,359,0,0,0
"Pennsylvania","Cumberland",2019,365,268,92,5,0,0,0,150,64,38,0,0,0,0,365,0
"Pennsylvania","Dauphin",2019,365,286,75,3,1,0,0,158,64,41,0,0,237,0,127,1
"Pennsylvania","Delaware",2019,365,240,118,7,0,0,0,133,71,44,0,6,208,0,151,0
"Pennsylvania","Elk",2019,357,345,12,0,0,0,0,80,46,35,0,0,357,0,0,0
"Pennsylvania","Erie",2019,364,322,42,0,0,0,0,93,51,36,2,7,245,0,110,0
"Pennsylvania","Fayette",2019,360,313,47,0,0,0,0,72,54,39,0,0,271,0,89,0
"Pennsylvania","Franklin",2019,341,324,17,0,0,0,0,80,48,36,0,0,341,0,0,0
"Pennsylvania","Greene",2019,349,329,20,0,0,0,0,71,48,35,0,0,257,0,92,0
"Pennsylvania","Indiana",2019,364,337,27,0,0,0,0,93,49,38,0,0,348,16,0,0
"Pennsylvania","Lackawanna",2019,365,333,32,0,0,0,0,80,49,37,0,22,290,0,53,0
"Pennsylvania","Lancaster",2019,365,238,117,9,1,0,0,157,72,45,0,0,198,0,167,0
"Pennsylvania","Lawrence",2019,361,356,5,0,0,0,0,74,43,31,0,0,361,0,0,0
"Pennsylvania","Lebanon",2019,360,278,78,4,0,0,0,142,62,42,0,0,219,0,141,0
"Pennsylvania","Lehigh",2019,360,293,64,3,0,0,0,119,61,38,0,0,247,0,111,2
"Pennsylvania","Luzerne",2019,361,350,11,0,0,0,0,77,45,34,0,0,351,1,0,9
"Pennsylvania","Lycoming",2019,361,340,21,0,0,0,0,74,46,35,0,0,299,0,62,0
"Pennsylvania","Mercer",2019,365,290,75,0,0,0,0,95,57,41,0,0,259,0,106,0
"Pennsylvania","Monroe",2019,349,340,9,0,0,0,0,80,45,34,0,0,349,0,0,0
"Pennsylvania","Montgomery",2019,362,302,59,1,0,0,0,129,58,35,0,0,238,0,124,0
"Pennsylvania","Northampton",2019,363,286,74,3,0,0,0,114,62,40,0,2,242,0,119,0
"Pennsylvania","Philadelphia",2019,365,244,115,6,0,0,0,140,71,44,0,30,206,0,129,0
"Pennsylvania","Somerset",2019,359,340,19,0,0,0,0,80,48,36,0,0,359,0,0,0
"Pennsylvania","Susquehanna",2019,352,328,24,0,0,0,0,76,46,24,0,0,0,0,352,0
"Pennsylvania","Tioga",2019,361,342,19,0,0,0,0,74,47,36,0,3,288,0,70,0
"Pennsylvania","Warren",2019,365,357,6,2,0,0,0,120,27,9,0,0,0,365,0,0
"Pennsylvania","Washington",2019,365,252,113,0,0,0,0,94,64,44,0,0,205,0,160,0
"Pennsylvania","Westmoreland",2019,354,319,35,0,0,0,0,93,50,38,0,0,278,0,76,0
"Pennsylvania","Wyoming",2019,27,19,8,0,0,0,0,85,63,29,0,0,0,0,27,0
"Pennsylvania","York",2019,365,299,66,0,0,0,0,93,56,41,0,21,232,1,111,0
"Puerto Rico","Adjuntas",2019,117,108,9,0,0,0,0,66,44,18,0,0,0,0,117,0
"Puerto Rico","Bayamon",2019,305,288,17,0,0,0,0,95,42,17,11,0,114,49,131,0
"Puerto Rico","Caguas",2019,354,334,16,4,0,0,0,114,35,10,119,121,0,0,114,0
"Puerto Rico","Catano",2019,348,231,106,10,1,0,0,159,88,33,0,0,69,3,223,53
"Puerto Rico","Fajardo",2019,119,104,15,0,0,0,0,84,52,22,0,0,0,0,116,3
"Puerto Rico","Guayama",2019,224,220,4,0,0,0,0,96,12,0,0,0,0,196,28,0
"Puerto Rico","Guaynabo",2019,362,325,33,4,0,0,0,110,51,20,23,235,0,0,89,15
"Puerto Rico","Mayagnez",2019,202,160,42,0,0,0,0,85,58,25,0,0,8,0,194,0
"Puerto Rico","Ponce",2019,351,247,98,6,0,0,0,136,65,35,9,0,0,0,247,95
"Puerto Rico","San Juan",2019,277,277,0,0,0,0,0,35,17,14,277,0,0,0,0,0
"Rhode Island","Kent",2019,351,328,23,0,0,0,0,93,48,32,0,0,201,0,150,0
"Rhode Island","Providence",2019,365,298,67,0,0,0,0,90,58,43,0,13,248,0,103,1
"Rhode Island","Washington",2019,352,322,28,2,0,0,0,126,49,36,0,0,208,0,144,0
"South Carolina","Aiken",2019,265,230,35,0,0,0,0,97,58,39,0,0,265,0,0,0
"South Carolina","Anderson",2019,225,175,49,1,0,0,0,108,67,43,0,0,225,0,0,0
"South Carolina","Berkeley",2019,216,189,27,0,0,0,0,100,54,36,0,0,216,0,0,0
"South Carolina","Charleston",2019,355,303,51,1,0,0,0,140,52,38,0,1,223,0,130,1
"South Carolina","Chesterfield",2019,364,281,83,0,0,0,0,90,61,39,0,0,265,0,99,0
"South Carolina","Colleton",2019,7,7,0,0,0,0,0,32,32,29,0,0,5,0,2,0
"South Carolina","Darlington",2019,282,227,55,0,0,0,0,100,61,41,0,0,282,0,0,0
"South Carolina","Edgefield",2019,365,299,66,0,0,0,0,88,58,39,0,0,227,0,138,0
"South Carolina","Florence",2019,361,323,38,0,0,0,0,70,51,30,0,0,0,0,361,0
"South Carolina","Georgetown",2019,92,91,1,0,0,0,0,52,25,14,0,0,0,0,0,92
"South Carolina","Greenville",2019,365,237,127,1,0,0,0,101,67,45,0,3,234,0,127,1
"South Carolina","Horry",2019,261,205,56,0,0,0,0,97,64,41,0,0,261,0,0,0
"South Carolina","Lexington",2019,365,309,56,0,0,0,0,66,53,33,0,0,0,0,359,6
"South Carolina","Oconee",2019,365,308,56,1,0,0,0,105,54,41,0,0,272,50,43,0
"South Carolina","Pickens",2019,251,175,76,0,0,0,0,93,71,45,0,0,251,0,0,0
"South Carolina","Richland",2019,365,282,81,2,0,0,0,136,65,42,0,0,283,0,82,0
"South Carolina","Spartanburg",2019,357,249,106,2,0,0,0,105,65,44,0,0,221,0,136,0
"South Carolina","York",2019,365,262,95,8,0,0,0,133,68,44,0,0,250,0,115,0
"South Dakota","Brookings",2019,365,284,76,5,0,0,0,126,64,42,0,0,329,0,23,13
"South Dakota","Brown",2019,122,112,10,0,0,0,0,77,42,20,0,0,0,0,111,11
"South Dakota","Codington",2019,361,325,36,0,0,0,0,83,50,25,0,0,0,0,278,83
"South Dakota","Custer",2019,362,355,7,0,0,0,0,84,48,39,0,0,356,0,5,1
"South Dakota","Hughes",2019,356,350,6,0,0,0,0,65,28,11,0,0,0,0,356,0
"South Dakota","Jackson",2019,365,349,16,0,0,0,0,61,48,38,0,2,350,0,13,0
"South Dakota","Meade",2019,365,358,7,0,0,0,0,80,44,36,0,0,361,0,0,4
"South Dakota","Minnehaha",2019,365,321,43,1,0,0,0,105,52,36,0,9,307,0,47,2
"South Dakota","Pennington",2019,361,278,79,4,0,0,0,117,61,30,0,20,0,0,115,226
"South Dakota","Union",2019,364,327,37,0,0,0,0,97,51,35,0,2,267,0,82,13
"Tennessee","Anderson",2019,365,308,55,2,0,0,0,105,61,35,0,0,234,131,0,0
"Tennessee","Blount",2019,365,305,59,1,0,0,0,101,54,41,0,0,310,0,55,0
"Tennessee","Claiborne",2019,346,325,21,0,0,0,0,80,47,35,0,0,346,0,0,0
"Tennessee","Davidson",2019,365,248,116,1,0,0,0,101,62,45,0,26,132,0,207,0
"Tennessee","DeKalb",2019,363,335,28,0,0,0,0,80,49,37,0,0,363,0,0,0
"Tennessee","Dyer",2019,360,341,19,0,0,0,0,62,45,26,0,0,0,0,360,0
"Tennessee","Hamilton",2019,365,243,122,0,0,0,0,97,64,45,0,0,191,0,174,0
"Tennessee","Jefferson",2019,234,197,37,0,0,0,0,93,58,44,0,0,234,0,0,0
"Tennessee","Knox",2019,364,269,95,0,0,0,0,84,59,42,0,0,180,0,180,4
"Tennessee","Lawrence",2019,330,306,24,0,0,0,0,62,47,27,0,0,0,0,330,0
"Tennessee","Loudon",2019,365,313,52,0,0,0,0,93,54,37,0,0,151,0,214,0
"Tennessee","Madison",2019,362,330,32,0,0,0,0,60,49,27,0,0,0,0,362,0
"Tennessee","Maury",2019,362,352,10,0,0,0,0,61,42,23,0,0,0,0,362,0
"Tennessee","McMinn",2019,357,316,41,0,0,0,0,65,51,30,0,0,0,0,357,0
"Tennessee","Montgomery",2019,362,339,23,0,0,0,0,63,46,26,0,0,0,0,362,0
"Tennessee","Putnam",2019,360,351,9,0,0,0,0,63,45,25,0,0,0,0,360,0
"Tennessee","Roane",2019,357,339,18,0,0,0,0,71,46,28,0,0,0,0,357,0
"Tennessee","Sevier",2019,364,287,77,0,0,0,0,90,61,44,0,0,364,0,0,0
"Tennessee","Shelby",2019,365,239,122,4,0,0,0,148,64,44,0,7,200,0,157,1
"Tennessee","Sullivan",2019,365,237,107,21,0,0,0,121,77,45,0,0,159,129,77,0
"Tennessee","Sumner",2019,357,284,73,0,0,0,0,93,60,40,0,0,200,0,157,0
"Tennessee","Williamson",2019,245,215,30,0,0,0,0,84,51,42,0,0,245,0,0,0
"Tennessee","Wilson",2019,231,205,26,0,0,0,0,80,51,40,0,0,231,0,0,0
"Texas","Bell",2019,365,284,79,2,0,0,0,105,58,42,0,1,265,0,99,0
"Texas","Bexar",2019,365,196,163,5,1,0,0,169,71,49,0,3,161,0,200,1
"Texas","Bowie",2019,349,254,94,1,0,0,0,109,58,39,0,0,0,0,349,0
"Texas","Brazoria",2019,365,325,33,6,1,0,0,161,51,33,0,5,360,0,0,0
"Texas","Brewster",2019,362,310,52,0,0,0,0,93,54,40,0,0,308,0,54,0
"Texas","Cameron",2019,365,236,129,0,0,0,0,89,62,44,0,0,128,0,237,0
"Texas","Collin",2019,365,309,48,7,1,0,0,156,58,40,0,0,365,0,0,0
"Texas","Culberson",2019,150,132,16,2,0,0,0,108,51,37,0,0,105,0,45,0
"Texas","Dallas",2019,365,227,132,6,0,0,0,143,72,45,0,20,199,0,146,0
"Texas","Denton",2019,365,280,73,12,0,0,0,133,67,43,0,6,287,0,72,0
"Texas","Ector",2019,354,319,35,0,0,0,0,80,50,28,0,0,0,0,354,0
"Texas","El Paso",2019,365,147,205,11,2,0,0,157,84,53,0,21,204,0,137,3
"Texas","Ellis",2019,365,300,65,0,0,0,0,97,56,40,0,6,269,0,90,0
"Texas","Freestone",2019,357,357,0,0,0,0,0,31,1,0,0,0,0,357,0,0
"Texas","Galveston",2019,365,293,64,8,0,0,0,136,61,39,0,3,261,3,97,1
"Texas","Gregg",2019,362,322,39,1,0,0,0,112,51,35,0,2,343,17,0,0
"Texas","Harris",2019,365,179,159,22,4,1,0,202,93,51,0,22,154,2,184,3
"Texas","Harrison",2019,364,296,67,1,0,0,0,113,54,38,0,0,202,35,127,0
"Texas","Hidalgo",2019,365,243,120,2,0,0,0,106,66,42,0,0,132,0,232,1
"Texas","Hood",2019,357,325,31,1,0,0,0,133,50,35,0,0,357,0,0,0
"Texas","Howard",2019,334,294,36,4,0,0,0,115,54,11,0,0,0,334,0,0
"Texas","Hunt",2019,364,345,19,0,0,0,0,97,47,35,0,3,361,0,0,0
"Texas","Hutchinson",2019,359,221,57,79,2,0,0,162,117,19,0,0,0,359,0,0
"Texas","Jefferson",2019,365,249,109,6,1,0,0,174,65,43,0,0,202,15,148,0
"Texas","Johnson",2019,352,298,47,7,0,0,0,143,61,38,0,0,352,0,0,0
"Texas","Kaufman",2019,365,320,45,0,0,0,0,93,52,39,0,1,288,0,76,0
"Texas","Kleberg",2019,284,234,50,0,0,0,0,87,56,30,0,0,0,0,284,0
"Texas","Lubbock",2019,330,316,13,1,0,0,0,103,42,25,0,0,0,0,330,0
"Texas","Maverick",2019,339,287,51,1,0,0,0,104,54,25,0,0,0,0,339,0
"Texas","McLennan",2019,365,329,36,0,0,0,0,87,50,38,1,0,321,0,43,0
"Texas","Milam",2019,338,338,0,0,0,0,0,4,1,0,0,0,0,338,0,0
"Texas","Montgomery",2019,365,306,54,5,0,0,0,143,58,38,0,2,284,0,79,0
"Texas","Navarro",2019,365,275,80,7,3,0,0,193,67,41,0,2,225,67,71,0
"Texas","Nueces",2019,365,262,102,1,0,0,0,107,62,42,0,0,171,1,193,0
"Texas","Orange",2019,365,288,75,2,0,0,0,111,59,39,0,0,195,20,150,0
"Texas","Parker",2019,363,317,46,0,0,0,0,100,54,37,0,0,363,0,0,0
"Texas","Polk",2019,344,334,10,0,0,0,0,74,44,31,0,0,344,0,0,0
"Texas","Potter",2019,365,322,35,8,0,0,0,119,55,22,0,0,0,110,255,0
"Texas","Randall",2019,354,280,72,2,0,0,0,112,61,41,0,0,354,0,0,0
"Texas","Robertson",2019,352,352,0,0,0,0,0,17,1,0,0,0,0,352,0,0
"Texas","Rockwall",2019,323,305,16,2,0,0,0,105,47,34,0,0,323,0,0,0
"Texas","Rusk",2019,358,316,34,8,0,0,0,129,57,9,0,0,0,358,0,0
"Texas","Smith",2019,364,326,37,1,0,0,0,133,51,36,0,4,360,0,0,0
"Texas","Tarrant",2019,365,234,117,14,0,0,0,147,74,44,0,16,216,0,133,0
"Texas","Titus",2019,348,346,2,0,0,0,0,54,11,0,0,0,0,348,0,0
"Texas","Travis",2019,365,249,114,2,0,0,0,115,63,44,0,7,178,0,180,0
"Texas","Victoria",2019,341,319,22,0,0,0,0,87,48,31,0,0,341,0,0,0
"Texas","Webb",2019,365,258,106,1,0,0,0,109,67,41,0,0,138,0,225,2
"Utah","Box Elder",2019,364,313,49,2,0,0,0,121,54,40,0,66,275,0,23,0
"Utah","Cache",2019,365,272,79,14,0,0,0,147,67,44,0,1,289,0,75,0
"Utah","Carbon",2019,365,265,99,1,0,0,0,108,64,46,0,4,361,0,0,0
"Utah","Davis",2019,365,265,94,6,0,0,0,119,73,44,0,41,270,0,54,0
"Utah","Duchesne",2019,365,234,120,7,4,0,0,177,71,48,0,0,332,0,33,0
"Utah","Garfield",2019,289,252,37,0,0,0,0,80,51,41,0,0,269,0,20,0
"Utah","Iron",2019,365,329,36,0,0,0,0,84,50,42,0,20,323,0,22,0
"Utah","Salt Lake",2019,365,173,176,16,0,0,0,136,87,51,0,35,244,0,81,5
"Utah","San Juan",2019,362,299,63,0,0,0,0,93,58,44,0,0,362,0,0,0
"Utah","Tooele",2019,365,302,61,2,0,0,0,117,61,43,0,1,312,0,52,0
"Utah","Uintah",2019,365,223,125,12,4,1,0,205,77,49,0,0,343,0,22,0
"Utah","Utah",2019,365,253,111,1,0,0,0,107,67,46,0,7,297,0,59,2
"Utah","Washington",2019,365,291,74,0,0,0,0,93,61,44,0,0,355,0,10,0
"Utah","Wayne",2019,50,50,0,0,0,0,0,16,15,7,0,0,0,0,50,0
"Utah","Weber",2019,308,243,63,2,0,0,0,108,64,42,0,35,214,0,59,0
"Vermont","Bennington",2019,365,345,20,0,0,0,0,94,46,35,0,0,312,0,53,0
"Vermont","Chittenden",2019,365,335,30,0,0,0,0,80,49,37,0,0,283,0,82,0
"Vermont","Rutland",2019,365,322,43,0,0,0,0,88,53,36,0,1,237,0,126,1
"Vermont","Windham",2019,51,51,0,0,0,0,0,31,18,8,0,0,0,0,51,0
"Virgin Islands","St Croix",2019,57,51,6,0,0,0,0,71,59,20,0,0,0,0,57,0
"Virgin Islands","St John",2019,44,42,2,0,0,0,0,66,37,15,0,0,0,0,44,0
"Virgin Islands","St Thomas",2019,268,225,43,0,0,0,0,91,57,28,0,0,0,0,268,0
"Virginia","Albemarle",2019,282,264,18,0,0,0,0,67,48,40,0,0,233,0,49,0
"Virginia","Alexandria City",2019,109,109,0,0,0,0,0,16,8,5,0,0,0,0,0,109
"Virginia","Arlington",2019,365,305,59,1,0,0,0,112,60,38,1,98,228,0,38,0
"Virginia","Botetourt",2019,355,353,2,0,0,0,0,71,16,0,0,0,0,355,0,0
"Virginia","Bristol City",2019,117,113,4,0,0,0,0,68,45,26,0,0,0,0,117,0
"Virginia","Caroline",2019,239,229,10,0,0,0,0,84,48,39,0,0,239,0,0,0
"Virginia","Carroll",2019,61,61,0,0,0,0,0,18,15,9,0,0,0,0,0,61
"Virginia","Charles",2019,356,337,19,0,0,0,0,90,47,34,0,89,218,2,47,0
"Virginia","Chesterfield",2019,280,255,25,0,0,0,0,87,50,39,0,0,235,0,45,0
"Virginia","Covington City",2019,364,357,5,2,0,0,0,121,29,7,0,0,0,364,0,0
"Virginia","Fairfax",2019,365,260,103,2,0,0,0,105,61,44,0,38,167,0,160,0
"Virginia","Fauquier",2019,233,229,4,0,0,0,0,64,45,37,0,0,233,0,0,0
"Virginia","Frederick",2019,365,333,32,0,0,0,0,96,49,38,0,0,203,0,162,0
"Virginia","Giles",2019,365,306,55,4,0,0,0,134,59,41,0,0,296,69,0,0
"Virginia","Hampton City",2019,364,326,38,0,0,0,0,84,51,39,1,6,223,0,134,0
"Virginia","Hanover",2019,243,216,27,0,0,0,0,90,54,41,0,0,243,0,0,0
"Virginia","Henrico",2019,363,329,34,0,0,0,0,100,50,37,4,17,302,0,40,0
"Virginia","Hopewell City",2019,57,57,0,0,0,0,0,19,15,8,0,0,0,0,0,57
"Virginia","Loudoun",2019,337,298,38,1,0,0,0,112,53,37,0,78,211,0,48,0
"Virginia","Lynchburg City",2019,108,107,1,0,0,0,0,55,43,26,0,0,0,0,108,0
"Virginia","Madison",2019,362,336,26,0,0,0,0,67,50,41,0,0,353,0,9,0
"Virginia","Norfolk City",2019,364,357,7,0,0,0,0,69,36,18,12,250,0,0,101,1
"Virginia","Prince Edward",2019,358,351,7,0,0,0,0,67,44,35,0,0,358,0,0,0
"Virginia","Prince William",2019,364,347,17,0,0,0,0,100,48,36,0,119,245,0,0,0
"Virginia","Richmond City",2019,362,311,51,0,0,0,0,95,53,33,2,89,0,0,271,0
"Virginia","Roanoke",2019,365,329,36,0,0,0,0,71,50,37,0,57,203,0,105,0
"Virginia","Rockbridge",2019,254,244,10,0,0,0,0,71,46,38,0,0,239,0,15,0
"Virginia","Rockingham",2019,365,349,16,0,0,0,0,65,48,36,0,94,227,0,44,0
"Virginia","Salem City",2019,118,113,5,0,0,0,0,60,45,26,0,0,0,0,118,0
"Virginia","Stafford",2019,260,244,16,0,0,0,0,93,49,39,0,0,240,0,0,20
"Virginia","Suffolk City",2019,245,223,22,0,0,0,0,97,50,41,0,0,245,0,0,0
"Virginia","Virginia Beach City",2019,115,106,9,0,0,0,0,66,48,25,0,0,0,0,115,0
"Virginia","Winchester City",2019,57,57,0,0,0,0,0,24,14,8,0,0,0,0,0,57
"Virginia","Wythe",2019,242,232,10,0,0,0,0,71,48,41,0,0,242,0,0,0
"Washington","Adams",2019,360,354,6,0,0,0,0,88,31,13,0,0,0,0,360,0
"Washington","Asotin",2019,357,292,64,1,0,0,0,125,60,27,0,0,0,0,357,0
"Washington","Benton",2019,364,303,61,0,0,0,0,80,55,37,0,0,158,0,191,15
"Washington","Chelan",2019,365,298,66,1,0,0,0,102,56,24,0,0,0,0,365,0
"Washington","Clallam",2019,365,341,24,0,0,0,0,70,49,34,0,0,238,0,127,0
"Washington","Clark",2019,364,305,58,1,0,0,0,128,58,31,0,0,145,0,219,0
"Washington","Columbia",2019,365,340,25,0,0,0,0,68,42,17,0,0,0,0,365,0
"Washington","Cowlitz",2019,360,338,22,0,0,0,0,76,45,18,0,0,0,0,360,0
"Washington","Franklin",2019,333,314,19,0,0,0,0,71,43,16,0,0,0,0,333,0
"Washington","Garfield",2019,358,350,8,0,0,0,0,62,36,17,0,0,0,0,358,0
"Washington","Grant",2019,365,339,26,0,0,0,0,67,45,18,0,0,0,0,365,0
"Washington","Grays Harbor",2019,352,348,4,0,0,0,0,57,35,20,0,0,0,0,352,0
"Washington","Jefferson",2019,365,364,1,0,0,0,0,51,32,19,0,0,0,0,365,0
"Washington","King",2019,365,280,85,0,0,0,0,90,60,40,0,65,110,0,190,0
"Washington","Kitsap",2019,340,338,2,0,0,0,0,75,35,18,0,0,0,0,340,0
"Washington","Kittitas",2019,365,305,60,0,0,0,0,96,56,23,0,0,0,0,365,0
"Washington","Klickitat",2019,365,340,25,0,0,0,0,96,45,20,0,0,0,0,365,0
"Washington","Lewis",2019,365,343,22,0,0,0,0,62,45,20,0,0,0,0,365,0
"Washington","Mason",2019,361,339,22,0,0,0,0,71,43,21,0,0,0,0,361,0
"Washington","Okanogan",2019,365,260,105,0,0,0,0,90,64,31,0,0,0,0,365,0
"Washington","Pierce",2019,365,285,78,2,0,0,0,142,63,41,0,14,206,0,145,0
"Washington","San Juan",2019,112,112,0,0,0,0,0,39,23,16,0,0,0,0,112,0
"Washington","Skagit",2019,365,361,4,0,0,0,0,54,36,24,0,0,97,0,268,0
"Washington","Snohomish",2019,364,272,91,1,0,0,0,114,67,30,0,0,0,0,364,0
"Washington","Spokane",2019,365,301,63,1,0,0,0,107,59,37,0,0,143,0,197,25
"Washington","Stevens",2019,365,274,90,1,0,0,0,146,63,28,0,0,0,0,284,81
"Washington","Thurston",2019,365,323,42,0,0,0,0,71,52,30,0,0,150,0,215,0
"Washington","Walla Walla",2019,365,328,37,0,0,0,0,93,51,21,0,0,0,0,182,183
"Washington","Whatcom",2019,365,277,78,10,0,0,0,122,70,34,0,0,55,171,139,0
"Washington","Whitman",2019,365,354,11,0,0,0,0,67,38,18,0,0,0,0,365,0
"Washington","Yakima",2019,365,227,128,10,0,0,0,127,76,38,0,0,0,0,363,2
"West Virginia","Berkeley",2019,278,252,24,2,0,0,0,127,50,40,0,0,224,0,54,0
"West Virginia","Brooke",2019,365,317,45,3,0,0,0,112,53,24,0,0,0,149,114,102
"West Virginia","Cabell",2019,275,255,20,0,0,0,0,71,49,39,0,0,216,0,59,0
"West Virginia","Gilmer",2019,336,333,3,0,0,0,0,58,44,32,0,0,336,0,0,0
"West Virginia","Greenbrier",2019,242,222,20,0,0,0,0,84,50,42,0,0,242,0,0,0
"West Virginia","Hancock",2019,365,330,35,0,0,0,0,93,50,37,0,0,228,82,33,22
"West Virginia","Harrison",2019,111,101,10,0,0,0,0,59,49,31,0,0,0,0,111,0
"West Virginia","Kanawha",2019,365,314,51,0,0,0,0,93,54,40,18,0,240,3,104,0
"West Virginia","Marion",2019,99,87,12,0,0,0,0,61,54,31,0,0,0,0,99,0
"West Virginia","Marshall",2019,354,326,28,0,0,0,0,77,45,7,0,0,0,236,118,0
"West Virginia","Mason",2019,360,352,6,2,0,0,0,105,26,3,0,0,0,360,0,0
"West Virginia","Mineral",2019,344,321,10,12,1,0,0,161,31,3,0,0,0,344,0,0
"West Virginia","Monongalia",2019,364,337,27,0,0,0,0,74,49,36,0,0,226,87,51,0
"West Virginia","Ohio",2019,283,249,34,0,0,0,0,71,52,41,0,0,230,0,53,0
"West Virginia","Tucker",2019,360,347,13,0,0,0,0,61,47,35,0,0,359,0,1,0
"West Virginia","Wood",2019,364,333,31,0,0,0,0,87,49,35,0,0,226,88,50,0
"Wisconsin","Ashland",2019,364,343,21,0,0,0,0,78,47,34,0,0,313,0,51,0
"Wisconsin","Brown",2019,365,314,51,0,0,0,0,97,52,35,0,0,168,4,193,0
"Wisconsin","Columbia",2019,192,184,8,0,0,0,0,71,46,37,0,0,192,0,0,0
"Wisconsin","Dane",2019,365,287,78,0,0,0,0,93,61,38,0,0,161,0,204,0
"Wisconsin","Dodge",2019,365,297,67,1,0,0,0,122,57,40,0,0,260,0,105,0
"Wisconsin","Door",2019,201,191,9,1,0,0,0,112,47,35,0,0,201,0,0,0
"Wisconsin","Eau Claire",2019,363,305,58,0,0,0,0,90,55,34,0,0,167,0,196,0
"Wisconsin","Fond du Lac",2019,202,195,7,0,0,0,0,100,47,36,0,0,202,0,0,0
"Wisconsin","Forest",2019,363,338,25,0,0,0,0,97,48,35,0,0,296,0,67,0
"Wisconsin","Grant",2019,365,304,60,1,0,0,0,104,57,29,0,0,0,0,365,0
"Wisconsin","Jefferson",2019,203,191,12,0,0,0,0,100,48,37,0,0,203,0,0,0
"Wisconsin","Kenosha",2019,365,289,74,2,0,0,0,119,63,40,0,0,220,0,145,0
"Wisconsin","Kewaunee",2019,210,199,11,0,0,0,0,90,45,36,0,0,210,0,0,0
"Wisconsin","La Crosse",2019,365,310,55,0,0,0,0,83,57,35,0,0,186,0,179,0
"Wisconsin","Manitowoc",2019,202,187,15,0,0,0,0,100,48,36,0,0,202,0,0,0
"Wisconsin","Marathon",2019,205,196,9,0,0,0,0,84,47,34,0,0,205,0,0,0
"Wisconsin","Milwaukee",2019,365,269,93,3,0,0,0,105,64,42,0,11,193,0,154,7
"Wisconsin","Oneida",2019,365,363,2,0,0,0,0,52,7,0,0,0,0,365,0,0
"Wisconsin","Outagamie",2019,365,304,59,2,0,0,0,119,58,37,0,0,172,8,185,0
"Wisconsin","Ozaukee",2019,363,308,52,3,0,0,0,108,58,37,0,0,201,0,162,0
"Wisconsin","Racine",2019,203,174,28,1,0,0,0,115,58,39,0,0,203,0,0,0
"Wisconsin","Rock",2019,203,185,18,0,0,0,0,77,50,38,0,0,203,0,0,0
"Wisconsin","Sauk",2019,365,311,53,1,0,0,0,107,54,35,0,0,175,0,190,0
"Wisconsin","Sheboygan",2019,206,180,24,2,0,0,0,108,61,38,0,0,206,0,0,0
"Wisconsin","Taylor",2019,365,320,45,0,0,0,0,85,52,35,0,0,277,0,88,0
"Wisconsin","Vilas",2019,362,345,17,0,0,0,0,90,45,29,0,0,177,0,185,0
"Wisconsin","Walworth",2019,205,189,15,1,0,0,0,112,49,37,0,0,205,0,0,0
"Wisconsin","Waukesha",2019,365,281,83,1,0,0,0,115,60,40,0,0,154,0,210,1
"Wyoming","Albany",2019,365,247,118,0,0,0,0,90,61,47,0,0,328,0,2,35
"Wyoming","Big Horn",2019,356,344,12,0,0,0,0,77,46,36,0,0,356,0,0,0
"Wyoming","Campbell",2019,365,309,55,1,0,0,0,111,56,40,0,1,228,0,5,131
"Wyoming","Carbon",2019,365,325,38,2,0,0,0,139,51,43,0,8,347,10,0,0
"Wyoming","Converse",2019,365,317,47,1,0,0,0,101,52,41,0,3,319,1,3,39
"Wyoming","Fremont",2019,365,294,69,2,0,0,0,148,61,45,0,0,321,22,22,0
"Wyoming","Johnson",2019,364,345,19,0,0,0,0,80,49,40,0,1,356,0,0,7
"Wyoming","Laramie",2019,365,305,60,0,0,0,0,74,58,43,0,4,334,0,11,16
"Wyoming","Lincoln",2019,365,364,1,0,0,0,0,56,27,12,0,0,0,0,0,365
"Wyoming","Natrona",2019,364,327,37,0,0,0,0,84,51,42,0,1,358,2,3,0
"Wyoming","Park",2019,304,292,12,0,0,0,0,77,47,38,0,3,268,0,27,6
"Wyoming","Platte",2019,60,56,3,1,0,0,0,108,37,14,0,0,0,0,0,60
"Wyoming","Sheridan",2019,365,325,40,0,0,0,0,90,51,39,0,0,305,0,32,28
"Wyoming","Sublette",2019,365,266,88,8,3,0,0,200,71,46,0,0,363,0,2,0
"Wyoming","Sweetwater",2019,365,262,100,3,0,0,0,133,64,46,0,4,321,0,5,35
"Wyoming","Teton",2019,365,326,39,0,0,0,0,87,51,43,0,0,359,0,4,2
"Wyoming","Uinta",2019,365,315,49,1,0,0,0,101,58,44,0,1,360,0,0,4
"Wyoming","Weston",2019,365,340,25,0,0,0,0,71,49,40,0,0,360,5,0,0
